_id,Ano del modelo,Capacidad de almacenamiento digital,Marca,Tamano de la pantalla,Tipo de pantalla,precio_actual,precio_anterior,Potencia nominal de la bateria,Memoria RAM,Velocidad de CPU (GHz),numero_valoraciones,numero_estrellas,Profundidad (cm),Peso (g),ancho,alto
B00IRZ8EQC,2013.0,256.0,samsung,4.3,lcd,245.0,199.99,5000.0,1.0,1.7,1034.0,3.7,1.27,77.11,540.0,960.0
B00J8OA220,2024.0,160.0,inmarsat,2.0,lcd,933.0,199.99,160.0,2.0,,4.0,5.0,10.16,318.0,240.0,320.0
B00JC8MD7Y,2024.0,256.0,samsung,6.7,superamoled,279.99,279.99,4500.0,6.0,2.2,7752.0,4.4,0.77,179.0,1080.0,2400.0
B00TKALUDC,2015.0,128.0,ttfone,2.0,lcd,41.99,45.99,800.0,32.0,1e-09,708.0,4.2,1.8,75.0,,
B00TUXHZTW,2015.0,128.0,doro,2.0,lcd,48.67,48.67,800.0,16.0,,296.0,4.0,1.9,74.0,3840.0,2160.0
B00VM0D0W2,2024.0,512.0,xiaomi,6.67,amoled,449.9,449.9,5000.0,12.0,3.0,1956.0,4.2,0.03,540.0,1560.0,1440.0
B00XAD2IC2,1990.0,256.0,thuraya,6.7,lcd,1085.0,199.99,1.0,16.0,1.0,,,3.0,212.0,,
B00XHYJ2XW,2024.0,256.0,thuraya,6.1,lcd,1335.0,499.99,5000.0,32.0,,,,2.57,254.42,,
B01BWV9A42,2016.0,256.0,samsung,5.1,superamoled,179.0,179.0,3600.0,4.0,2.3,11496.0,4.0,0.79,151.95,1440.0,2560.0
B01BYD0ZRO,2016.0,256.0,samsung,5.5,amoled,186.0,186.0,3600.0,4.0,3.9,11496.0,4.0,0.77,157.0,1080.0,1920.0
B01DYN5N06,2016.0,256.0,huawei,5.2,ips,448.96,448.96,3000.0,3.0,2.0,2265.0,4.0,0.75,147.0,1080.0,1920.0
B06XCJP94G,2019.0,128.0,samsung,4.99,lcd,144.99,149.99,2800.0,16.0,1.1,1007.0,4.2,0.97,172.93,1280.0,720.0
B06XW81R9G,2017.0,256.0,samsung,6.2,amoled,219.99,219.99,3500.0,4.0,2.3,3031.0,4.0,0.8,173.0,1440.0,2960.0
B06XW8Q72D,2017.0,64.0,samsung,5.8,amoled,199.99,199.99,3000.0,4.0,2.3,3118.0,4.3,0.8,152.0,,
B071HTGC1R,2017.0,128.0,nokia,1.8,lcd,32.34,35.62,1200.0,32.0,,10522.0,3.9,1.28,60.0,,
B0759QPPKN,2019.0,128.0,hipipooo,2.5,oled,27.0,27.0,800.0,2.0,,1195.0,3.9,2.0,18.0,800.0,480.0
B075P82KXM,2017.0,,brondi,1.77,,13328.98,379.99,,32.0,,,,5.0,200.0,,
B07DZXJ4C7,2019.0,128.0,artfone,1.8,lcd,28.99,28.99,1400.0,24.0,,5051.0,4.2,1.39,180.0,,
B07HKNF367,2018.0,64.0,samsung,6.0,amoled,163.13,163.13,3300.0,4.0,2.2,3455.0,4.4,0.75,347.4,2220.0,1080.0
B07KVX2G29,2024.0,256.0,motorola,6.67,amoled,184.0,184.0,5000.0,8.0,,57.0,4.1,2.57,254.42,1080.0,2400.0
B07MJRQY64,2018.0,800.0,nokia,1.8,lcd,22.99,54.98,800.0,4.0,,2122.0,3.4,1.44,20.0,,
B07MTXWLRP,2024.0,256.0,samsung,6.1,amoled,267.84,267.84,3400.0,6.0,2.7,5657.0,4.0,0.78,157.0,1440.0,3040.0
B07N4TBJCH,2024.0,128.0,ukuu,1.8,lcd,29.99,29.99,800.0,32.0,,4115.0,3.8,2.57,254.42,240.0,320.0
B07NDDDJRN,2024.0,128.0,samsung,6.1,amoled,279.99,449.9,3400.0,6.0,,299.0,4.0,0.8,157.0,3040.0,1440.0
B07NS5QPJM,2018.0,400.0,samsung,5.8,amoled,84.89,1299.0,3000.0,4.0,,101.0,3.9,8.51,199.58,2960.0,1440.0
B07NWLZMGJ,2024.0,256.0,samsung,6.4,amoled,290.0,290.0,5000.0,8.0,2.84,4154.0,4.2,0.78,175.0,1440.0,3040.0
B07NWR7QYQ,2024.0,256.0,samsung,6.1,amoled,269.99,199.99,5000.0,8.0,,5657.0,4.0,0.78,155.92,1440.0,3040.0
B07PNL5STG,2024.0,800.0,iniu,1.8,lcd,17.99,26.99,800.0,32.0,,62408.0,4.6,1.27,198.0,,
B07QZN6DGK,2019.0,512.0,samsung,6.2,lcd,96.89,549.0,3400.0,2.0,,19.0,3.9,10.0,166.0,,
B07QZRWJ6D,2019.0,128.0,huawei,6.15,amoled,198.0,349.0,1.0,4.0,2.2,5753.0,4.5,0.74,159.0,1080.0,2312.0
B07R1Y57YF,2019.0,128.0,huawei,6.67,lcd,199.99,349.0,3340.0,4.0,2.2,5753.0,4.5,0.74,159.0,1080.0,2340.0
B07RJ14MQY,2019.0,64.0,google,5.6,oled,249.99,249.99,5000.0,4.0,2.0,13.0,4.4,0.7,147.0,1080.0,2220.0
B07RMHCWLM,2024.0,128.0,panasonic,1.8,lcd,28.99,29.9,3600.0,32.0,,1186.0,3.8,6.3,82.0,,
B07RTBH7P8,2024.0,128.0,panasonic,1.8,lcd,25.99,39.9,800.0,32.0,,,,2.57,254.42,,
B07VTMHTDF,2024.0,128.0,zte,5.0,lcd,38.4,42.0,800.0,32.0,,135.0,3.3,1.0,250.0,,
B07VTP4ZQW,2024.0,128.0,zte,5.0,lcd,38.45,199.99,3600.0,1.0,1.27,119.0,2.9,11.13,143.0,,
B07VYS2M9D,2024.0,256.0,samsung,6.3,amoled,449.99,549.0,5000.0,12.0,2.84,1346.0,3.9,0.79,198.0,2560.0,1440.0
B07VZY57MP,2020.0,256.0,samsung,6.3,amoled,231.23,199.99,3500.0,8.0,,627.0,4.0,0.79,168.0,1080.0,2340.0
B07WDKKP6L,2024.0,128.0,vivo,6.56,lcd,143.04,499.99,5000.0,4.0,2.4,5.0,3.5,0.84,185.0,1612.0,720.0
B07WGP3R5Z,2024.0,128.0,vivo,6.56,lcd,112.95,112.95,5000.0,4.0,,,,0.84,185.0,,
B07WHQDKVP,2024.0,128.0,vivo,6.56,lcd,119.0,379.99,5000.0,4.0,,,,0.84,185.0,,
B07XQBG9ND,2019.0,512.0,ttfone,2.8,lcd,94.55,109.99,1400.0,4.0,,790.0,3.0,2.0,128.0,,
B07YWSKJRY,2019.0,128.0,xiaomi,6.2,lcd,74.7,199.99,4500.0,3.0,1.95,876.0,4.5,2.57,254.42,1920.0,1080.0
B07YX526XT,2019.0,128.0,samsung,5.9,superamoled,66.89,549.0,3100.0,1.0,,891.0,3.9,2.57,254.42,1920.0,1080.0
B082DN7RVM,2024.0,64.0,apple,6.1,lcd,205.99,1299.0,3.0,12.0,,1709.0,3.6,6.3,188.0,,
B082L1XCFC,2019.0,256.0,samsung,6.3,amoled,215.0,199.99,3500.0,8.0,,45.0,3.4,20.0,170.0,1440.0,3040.0
B082MFY8SW,2024.0,800.0,oakcastle,1.77,lcd,19.95,199.99,600.0,32.0,,5523.0,3.6,1.2,70.0,,
B082TDHDCJ,2024.0,128.0,spc,2.8,lcd,49.99,199.99,800.0,1.0,1e-09,171.0,3.8,1.9,108.0,320.0,240.0
B082WFVKL7,2020.0,128.0,samsung,6.5,superamoled,229.87,369.0,4000.0,6.0,,1762.0,4.3,0.79,172.0,,
B08457V863,2024.0,128.0,panasonic,2.4,lcd,53.43,69.9,500.0,1.0,,462.0,4.1,2.3,110.0,320.0,240.0
B084XRF3MG,2024.0,128.0,sveon,2.4,lcd,33.5,199.99,800.0,12.0,,11.0,2.5,2.57,254.42,3840.0,2160.0
B084Z436NC,2024.0,128.0,garsent,1.77,lcd,27.71,27.71,800.0,8.0,,6.0,2.6,7.0,120.0,,
B085RBT8KW,2020.0,128.0,oukitel,6.3,oled,199.99,199.99,5000.0,6.0,2.1,188.0,3.6,1.73,370.0,,
B0866BJTL9,2024.0,128.0,cocomm,6.56,lcd,89.99,89.99,5000.0,4.0,,7.0,3.9,2.0,200.0,,
B08778JXCT,2024.0,256.0,samsung,6.1,superamoled,198.99,299.0,3500.0,4.0,,797.0,4.1,2.57,254.42,1080.0,2340.0
B0892YG9QW,2024.0,256.0,huawei,6.15,lcd,199.0,199.99,3340.0,6.0,2.2,5753.0,4.5,0.74,660.0,,
B08CH6VKHW,2024.0,128.0,xiaomi,6.56,lcd,79.99,99.99,3600.0,2.0,2.0,5464.0,3.8,0.9,194.0,720.0,1600.0
B08CH7RHDP,2024.0,128.0,xiaomi,6.53,lcd,85.89,119.99,3600.0,2.0,2.0,2992.0,4.0,0.9,194.0,1600.0,720.0
B08FXRH82S,2020.0,128.0,samsung,6.7,amoled,369.99,369.99,4500.0,12.0,,14.0,4.0,0.79,188.0,1440.0,3200.0
B08HGZGY37,2024.0,1000.0,tcl,6.53,amoled,270.96,499.99,4500.0,6.0,,1564.0,4.4,2.57,254.42,,
B08HJDNNQY,2024.0,128.0,xiaomi,6.67,amoled,599.0,199.99,1.0,8.0,2.84,452.0,4.2,0.93,218.0,1080.0,2400.0
B08HN9BRH6,2024.0,128.0,samsung,6.5,amoled,298.99,759.0,4500.0,6.0,2.84,1583.0,4.2,0.84,193.0,2400.0,1080.0
B08HNWHVQK,2024.0,128.0,xiaomi,6.67,lcd,240.17,329.0,4820.0,6.0,2.2,7161.0,4.4,9.0,215.0,3840.0,2160.0
B08LS9T2Q6,2020.0,128.0,doogee,6.55,lcd,174.21,199.99,4500.0,4.0,,214.0,4.1,0.89,190.0,1080.0,2280.0
B08MZP4JSG,2024.0,128.0,doogee,6.22,led,269.99,269.99,5000.0,8.0,2.0,258.0,4.0,1.55,310.0,720.0,1520.0
B08P7M64BJ,2024.0,512.0,ttfone,2.0,lcd,46.99,46.99,1400.0,4.0,,430.0,3.1,1.2,99.0,,
B08PCB8QCV,2024.0,256.0,apple,6.1,oled,343.0,499.99,4.0,8.0,,6345.0,3.7,0.74,189.0,,
B08PCC2N1J,2012.0,256.0,apple,5.4,oled,245.0,499.99,5000.0,8.0,,6560.0,3.5,2.57,254.42,,
B08PCCM1GC,2024.0,256.0,apple,6.1,oled,329.99,499.99,5000.0,8.0,,6345.0,3.7,2.57,254.42,,
B08PCCZB1H,2024.0,256.0,apple,6.1,oled,319.0,499.99,4.0,8.0,,11194.0,3.5,2.82,190.0,,
B08PCD77DV,2024.0,128.0,apple,5.4,amoled,255.0,255.0,4.0,4.0,3.1,6560.0,3.5,2.83,229.0,2340.0,1080.0
B08PCDKD6G,2024.0,128.0,apple,5.4,oled,245.0,499.99,5000.0,4.0,3.1,6560.0,3.5,0.74,135.0,,
B08PCDNC9W,2024.0,128.0,apple,5.4,oled,245.0,499.99,5000.0,4.0,3.1,6560.0,3.5,0.74,135.0,2340.0,1080.0
B08PCDP3LM,2024.0,256.0,apple,6.1,oled,333.99,499.99,5000.0,8.0,,6345.0,3.7,0.74,189.0,,
B08PCFF5QB,2024.0,256.0,apple,6.1,oled,317.99,317.99,4.0,8.0,,11194.0,3.5,2.82,300.0,2532.0,1170.0
B08PCFKLHM,2024.0,256.0,apple,5.4,oled,248.0,499.99,5000.0,8.0,,6560.0,3.5,2.57,254.42,,
B08PCFMXN4,2024.0,256.0,apple,6.1,oled,323.99,499.99,5000.0,8.0,,11194.0,3.5,2.57,254.42,,
B08Q8LX9L2,2024.0,256.0,,6.67,amoled,252.0,499.99,4000.0,8.0,,31.0,4.1,0.79,171.0,,
B08QXG6Y6F,2024.0,128.0,samsung,6.2,amoled,349.0,369.99,4000.0,8.0,2.84,868.0,4.2,2.0,301.0,2340.0,1080.0
B0B1VCR3JY,2024.0,128.0,samsung,6.6,lcd,72.29,72.29,5000.0,4.0,,5146.0,4.4,10.0,192.0,,
B0D5DDPDV7,2024.0,512.0,oppo,6.7,amoled,521.85,499.99,3600.0,12.0,2.0,96.0,4.3,0.74,180.0,1080.0,2412.0
B0B3MCW4YR,2024.0,128.0,blackview,6.58,amoled,424.99,499.99,8380.0,8.0,2.2,61.0,3.4,1.77,367.0,1920.0,1080.0
B0CVQ7DDS3,2024.0,128.0,samsung,6.67,amoled,339.0,549.0,5000.0,8.0,1.0,563.0,4.5,2.57,254.42,1080.0,2340.0
B0D383ZXKK,2024.0,512.0,xiaomi,6.67,amoled,337.99,496.65,5000.0,12.0,3.0,211.0,4.1,2.57,254.42,1500.0,2560.0
B0D1GD4SXB,2024.0,128.0,realme,11.02,lcd,151.95,199.99,5000.0,6.0,,245.0,4.2,11.42,400.0,,
B0D2L33VQ8,2024.0,256.0,realme,6.78,amoled,313.22,199.99,5500.0,8.0,,477.0,4.4,2.57,254.42,,
B0DMW7WM42,2025.0,512.0,doogee,6.72,lcd,369.99,469.99,10100.0,32.0,,77.0,4.7,1.6,364.0,1080.0,2280.0
B0B427JFKT,2024.0,128.0,doogee,6.0,lcd,89.99,89.99,4200.0,4.0,2.0,306.0,3.9,2.57,254.42,,
B0CG6M6J58,2023.0,800.0,ttfone,1.8,lcd,21.99,199.99,800.0,32.0,1e-09,22.0,3.3,0.9,180.0,128.0,160.0
B0CMJKNCQH,2024.0,256.0,xiaomi,6.67,amoled,229.9,229.9,5000.0,8.0,2.2,902.0,4.3,2.57,254.42,1080.0,2400.0
B09VNPFZGS,2024.0,256.0,xiaomi,6.67,amoled,245.49,340.41,4500.0,6.0,2.5,281.0,4.4,0.81,202.0,,
B0C1FNRGXR,2024.0,256.0,fossibot,6.58,lcd,109.99,199.99,10600.0,7.0,2.0,130.0,3.9,2.0,470.0,720.0,1440.0
B0DN153LCY,2025.0,256.0,oukitel,6.56,lcd,169.99,199.99,5150.0,24.0,,59.0,4.9,2.57,254.42,720.0,1600.0
B0CNQ974BZ,2024.0,256.0,samsung,6.7,lcd,1459.0,499.99,5000.0,12.0,,804.0,4.8,2.57,254.42,1920.0,1080.0
B0D1FQ4J92,2024.0,128.0,blackview,4.3,lcd,149.99,199.99,3700.0,4.0,2.0,43.0,4.3,2.57,254.42,,
B0CGVP8NRC,2024.0,128.0,google,6.2,oled,474.46,199.99,4575.0,12.0,,2536.0,4.0,0.89,187.0,1080.0,2400.0
B0D54D58Q4,2024.0,256.0,doogee,5.5,lcd,179.99,179.99,6300.0,16.0,,148.0,4.1,2.57,254.42,1440.0,720.0
B0DHRZTPTQ,2024.0,256.0,oukitel,6.7,lcd,129.99,129.99,5000.0,24.0,1.6,,,2.57,254.42,720.0,1604.0
B0CN12K224,2024.0,256.0,samsung,6.5,amoled,234.99,343.02,5000.0,8.0,,714.0,4.3,3.0,197.0,1080.0,2400.0
B0CP17MZ5X,2023.0,128.0,xiaomi,6.74,lcd,136.27,499.99,5000.0,8.0,,22.0,3.1,1.27,192.0,1080.0,2400.0
B0C4NG1QS6,2024.0,128.0,jtqtj,5.0,lcd,56.99,499.99,3000.0,1.0,2.1,235.0,3.0,2.57,254.42,1280.0,720.0
B0D2DBNX7T,2024.0,256.0,xiaomi,6.79,lcd,199.9,199.99,5000.0,8.0,2.05,310.0,4.2,2.57,254.42,,
B0CWS3RM89,2024.0,128.0,xiaomi,6.56,lcd,82.0,87.89,5000.0,4.0,1.0,76.0,4.0,2.57,254.42,1920.0,1080.0
B0CMRV3KWB,2024.0,128.0,xiaomi,6.74,lcd,106.97,136.24,5000.0,6.0,,846.0,4.5,2.57,254.42,1440.0,720.0
B0CLL5GTDW,2018.0,64.0,fossibot,5.45,amoled,139.99,139.99,10600.0,7.0,2.0,24.0,4.3,2.03,350.0,720.0,1440.0
B0CV7R71NY,2024.0,256.0,samsung,6.67,lcd,187.0,199.99,5000.0,8.0,,57.0,4.4,2.57,254.42,,
B0CXJDSJJ4,2024.0,64.0,xiaomi,5.0,lcd,76.0,94.27,5000.0,3.0,,87.0,4.4,2.57,254.42,,
B0DHZ76JGF,2024.0,128.0,realme,6.74,lcd,79.99,82.99,5000.0,3.0,1.8,35.0,3.9,0.76,360.0,,
B0BN67SBXK,2024.0,128.0,luqeeg,4.66,lcd,44.4,199.99,3000.0,1.0,,,,2.57,254.42,,
B09RNDTXJX,2024.0,128.0,samsung,6.6,amoled,284.99,319.0,5000.0,4.0,,2323.0,4.2,0.84,198.0,,
B0DGXXTBLJ,2024.0,256.0,tcl,6.8,lcd,199.99,219.99,5010.0,16.0,,42.0,4.0,0.9,192.0,1920.0,1080.0
B0DJ2XZHLZ,2024.0,256.0,honor,6.7,amoled,209.0,499.99,4500.0,8.0,,9.0,4.8,2.57,254.42,2412.0,1080.0
B0BNQ5Y8BR,2022.0,64.0,unihertz,3.0,lcd,209.99,149.99,2000.0,4.0,1.5,208.0,4.0,1.65,110.0,,
B0CBL2S1G3,2024.0,128.0,jectse,1.8,lcd,34.83,34.83,800.0,32.0,,2.0,4.6,2.57,254.42,,
B0CPT8SK6H,2024.0,256.0,xiaomi,6.67,amoled,159.95,249.0,5000.0,8.0,4e-09,4238.0,4.1,0.8,188.0,1920.0,1080.0
B0D5YM61M2,2024.0,256.0,doogee,6.56,lcd,149.99,209.99,5150.0,16.0,1.4,23.0,4.4,1.07,240.0,,
B08VNWR1MR,2024.0,256.0,samsung,6.5,lcd,199.99,499.99,5000.0,3.0,,70.0,4.2,0.89,205.0,,
B0CHBJD9QZ,2024.0,128.0,msmga,5.0,lcd,55.99,199.99,3000.0,1.0,,197.0,3.0,2.57,254.42,720.0,1280.0
B0CLR55PGM,2024.0,128.0,samsung,6.56,amoled,127.9,199.99,5000.0,4.0,,72.0,4.1,2.57,254.42,1440.0,720.0
B0DPHCW9W6,2024.0,128.0,realme,6.74,lcd,97.0,104.99,5000.0,4.0,1.8,35.0,3.9,0.78,187.0,1600.0,720.0
B0D8QQ895Q,2024.0,256.0,vivo,6.68,lcd,169.0,199.99,6000.0,8.0,,102.0,4.3,0.8,380.0,,
B0CPLLJ367,2024.0,256.0,honor,6.78,amoled,229.0,499.99,5200.0,8.0,,199.0,4.4,2.57,254.42,,
B0D4LZJ3ZG,2024.0,128.0,msmga,5.0,lcd,56.99,59.99,3000.0,1.0,,72.0,3.5,2.57,254.42,720.0,1280.0
B0B786BT7Z,2024.0,64.0,xiaomi,6.0,lcd,89.9,109.1,5000.0,4.0,,253.0,4.3,0.8,500.0,,
B0CC6CYHY6,2024.0,128.0,motorola,6.5,lcd,85.65,549.0,5000.0,4.0,,729.0,4.2,0.8,175.0,1080.0,2400.0
B0CHVBHCFS,2024.0,128.0,blackview,6.52,lcd,88.99,88.99,5180.0,8.0,,268.0,4.3,2.57,254.42,,
B0DG5SB94T,2024.0,512.0,doogee,6.78,lcd,399.99,569.99,8680.0,32.0,,24.0,4.5,1.58,383.0,2460.0,1080.0
B0D6YYX6WK,2024.0,512.0,cubot,6.58,lcd,389.99,199.99,10200.0,32.0,2.6,84.0,4.5,2.57,254.42,2408.0,1080.0
B0B31F47DH,2024.0,800.0,energizer,1.57,lcd,19.99,199.99,1000.0,1.0,,1288.0,4.1,1.4,170.0,1280.0,720.0
B0D3F7HQSS,2024.0,128.0,umidigi,6.75,lcd,127.49,149.99,5000.0,6.0,2.0,610.0,3.8,0.79,189.0,1080.0,2400.0
B0DRYSQTBN,2024.0,256.0,realme,6.72,lcd,178.0,329.99,6000.0,8.0,,5.0,4.5,0.79,350.0,1080.0,2400.0
B0DKP7RCTJ,2024.0,128.0,xiaomi,6.67,lcd,199.99,229.9,5500.0,6.0,,197.0,4.4,2.57,254.42,,
B0D31ZZXLF,2024.0,256.0,motorola,6.67,lcd,276.0,199.99,3600.0,8.0,2.2,53.0,4.4,2.57,254.42,,
B0CLV7XMVC,2023.0,256.0,doogee,4.5,lcd,169.99,169.99,3000.0,8.0,,,,2.57,254.42,,
B08QXKJGDG,2024.0,256.0,,6.67,superamoled,369.0,369.0,4000.0,8.0,,148.0,3.9,0.79,169.0,,
B0BD5RBRCM,2024.0,128.0,bewinner,2.5,lcd,92.42,92.42,5000.0,1.0,,8.0,2.7,2.57,254.42,,
B0CR3XCB81,2024.0,512.0,xiaomi,6.67,oled,347.0,364.0,5000.0,12.0,2.8,266.0,4.2,0.89,205.0,2400.0,1080.0
B0DGLKLFJB,2025.0,256.0,oukitel,6.56,ips,249.99,259.99,11000.0,24.0,2.0,74.0,4.5,1.53,680.0,720.0,1600.0
B0DLCXF946,2024.0,128.0,xiaomi,6.88,lcd,128.07,143.0,5160.0,8.0,,4.0,4.4,2.57,254.42,1640.0,720.0
B0CCW6FBLS,2024.0,256.0,motorola,6.55,oled,234.0,399.0,5000.0,12.0,1.0,793.0,4.3,0.78,170.0,1080.0,2400.0
B0D7937X6N,2024.0,64.0,fossibot,6.74,lcd,109.99,139.99,10300.0,12.0,2000.0,165.0,4.2,2.57,254.42,,
B0DRD2J39F,2024.0,256.0,xiaomi,6.67,amoled,159.0,165.23,5500.0,6.0,,,,0.82,200.0,,
B0CWS1SL9F,2024.0,128.0,xiaomi,6.56,lcd,88.5,124.57,5000.0,4.0,2.0,156.0,4.2,2.57,254.42,,
B0DFWGW6X6,2024.0,256.0,motorola,6.5,oled,198.49,198.49,5000.0,8.0,2.2,13.0,3.9,0.76,160.0,1080.0,2400.0
B0DNFB4D6H,2023.0,128.0,vivo,6.56,lcd,139.9,139.9,5000.0,4.0,2.4,,,2.57,254.42,,
B0DH4D1R7R,2024.0,800.0,sparkledot,1.8,lcd,22.98,92.66,800.0,32.0,,17.0,4.1,2.57,254.42,,
B0DQKWX5MP,2025.0,256.0,oukitel,6.7,amoled,260.0,260.0,5150.0,24.0,2.2,18.0,4.8,0.82,490.0,2412.0,1080.0
B0BW68WVK3,2024.0,128.0,xiaomi,6.56,lcd,82.0,87.65,3600.0,2.0,1.0,436.0,3.9,2.57,254.42,,
B0D5H9TKYC,2024.0,256.0,oukitel,6.8,lcd,189.99,199.99,5150.0,24.0,2.2,286.0,4.2,2.57,254.42,720.0,1600.0
B0BYMPG5KL,2024.0,128.0,samsung,6.4,amoled,284.0,284.0,5000.0,8.0,2.9,142.0,4.4,2.57,254.42,1080.0,2400.0
B0C2QH6MNQ,2024.0,64.0,oukitel,6.52,lcd,139.99,149.99,10600.0,7.0,2.3,139.0,3.7,1.0,350.0,1760.0,1060.0
B0CQYWG2T8,2024.0,256.0,xiaomi,6.67,lcd,156.8,249.0,5000.0,8.0,2.4,,,2.57,254.42,1080.0,2400.0
B0D8BDTNKY,2025.0,128.0,doogee,5.5,lcd,116.0,159.99,6300.0,8.0,1.6,38.0,4.5,1.62,262.0,,
B0C3LYJT6X,2024.0,128.0,cubot,6.58,lcd,129.99,146.99,5000.0,8.0,2.0,191.0,3.7,0.97,217.0,1920.0,1080.0
B0DM282F1G,2024.0,256.0,oppo,6.67,lcd,209.0,209.0,5100.0,8.0,,16.0,4.2,2.57,254.42,,
B0DB85DRHX,2025.0,512.0,doogee,6.78,lcd,499.99,639.99,8680.0,36.0,,36.0,4.7,1.63,383.0,1080.0,2160.0
B0DJT58WGZ,2024.0,128.0,cubot,6.56,lcd,129.95,199.99,5100.0,6.0,1.6,10.0,3.5,1.28,268.0,,
B0DHRTYLC7,2024.0,128.0,cubot,6.75,lcd,99.99,129.99,5100.0,12.0,1.8,61.0,4.0,2.57,254.42,720.0,1600.0
B09DP7YYWX,2024.0,128.0,ulefone,5.5,amoled,139.99,199.99,5000.0,3.0,1.8,108.0,4.2,1.38,235.0,720.0,1440.0
B0DFP9QZQW,2024.0,128.0,oukitel,6.52,lcd,79.99,99.99,4300.0,8.0,1.6,293.0,4.4,0.9,460.0,1080.0,1920.0
B0CN12J4Y2,2024.0,128.0,samsung,6.7,lcd,134.9,138.88,5000.0,4.0,,245.0,4.4,0.88,195.0,,
B0CNQ89WJN,2024.0,256.0,samsung,6.3,amoled,961.09,199.99,5000.0,12.0,,804.0,4.8,2.57,254.42,1920.0,1080.0
B0B8PBZC8S,2022.0,128.0,xiaomi,40.55,amoled,169.0,217.66,5000.0,8.0,,110.0,4.4,0.7,173.0,2400.0,1080.0
B0BZ7R2MPQ,2023.0,128.0,xiaomi,6.67,amoled,195.99,195.99,5000.0,6.0,2.0,12715.0,4.7,2.57,254.42,2400.0,1080.0
B0BZV2LKQX,2024.0,128.0,oscal,6.5,lcd,89.99,199.99,5080.0,7.0,2.0,462.0,4.1,0.94,193.0,720.0,1600.0
B0C1GPK2LX,2024.0,64.0,fossibot,5.45,lcd,139.99,199.99,10600.0,7.0,,252.0,4.0,2.57,254.42,720.0,1440.0
B0CNVFR3RT,2024.0,128.0,doogee,6.52,lcd,89.99,199.99,4200.0,9.0,2.3,26.0,3.9,0.91,187.0,720.0,1600.0
B0D4M1SJY4,2024.0,128.0,msmga,5.0,lcd,56.99,59.99,3000.0,1.0,,72.0,3.5,2.57,254.42,,
B0DFGG7DM5,2024.0,128.0,oppo,6.7,lcd,135.0,159.0,5100.0,6.0,2.2,7.0,4.4,0.77,200.0,1080.0,2400.0
B0DFGTKDH4,2024.0,256.0,oppo,6.56,lcd,144.0,149.0,5100.0,8.0,3.0,12.0,4.1,2.57,254.42,2400.0,1080.0
B09QH3JT6P,2024.0,128.0,samsung,6.5,superamoled,296.0,449.0,5000.0,5.0,,4583.0,4.2,0.81,190.0,1080.0,2400.0
B09MJSL8MR,2018.0,256.0,apple,6.1,xdr,379.0,499.99,2815.0,8.0,,247.0,3.8,2.57,254.42,,
B0CMRRKV79,2024.0,256.0,xiaomi,6.74,lcd,144.27,199.99,5000.0,8.0,,176.0,4.2,0.81,192.0,,
B0DFPRT8V2,2024.0,64.0,oukitel,6.6,lcd,99.99,239.99,4300.0,8.0,,140.0,4.4,2.57,254.42,720.0,1600.0
B0DHRSYD7V,2024.0,128.0,cubot,6.75,lcd,99.99,129.99,5100.0,12.0,1.8,61.0,4.0,2.57,254.42,720.0,1600.0
B0D7TZWD9G,2024.0,128.0,google,6.3,amoled,849.0,1099.0,4650.0,12.0,3.0,244.0,4.3,0.86,190.0,1080.0,2160.0
B0DCZ4ZT4Q,2024.0,64.0,doogee,5.5,lcd,109.99,199.99,6300.0,8.0,,4.0,5.0,2.57,254.42,,
B0DJ345581,2022.0,256.0,xiaomi,6.67,amoled,595.99,25.01,5000.0,12.0,,70.0,4.6,2.57,254.42,1440.0,3200.0
B09Q9ZVXZY,2024.0,128.0,xiaomi,6.43,lcd,188.75,499.99,5000.0,4.0,2.4,16815.0,4.4,0.81,179.5,1920.0,1080.0
B0C6HTJ8RQ,2024.0,256.0,xiaomi,6.79,lcd,152.89,499.99,5000.0,4.0,2.0,1344.0,4.2,0.82,30.0,2460.0,1080.0
B0DKT9VD51,2024.0,128.0,doogee,6.56,lcd,89.99,159.99,5000.0,20.0,,,,2.57,254.42,720.0,1600.0
B0C3XNCQDC,2024.0,128.0,leyt,5.0,lcd,64.23,64.23,3500.0,32.0,2.1,,,2.57,254.42,,
B0DJL3RGDC,2024.0,128.0,zte,6.56,lcd,98.68,1.22,5000.0,4.0,,,,11.42,500.0,720.0,1600.0
B09MJTK6HR,2024.0,256.0,apple,6.1,xdr,468.0,549.0,2815.0,12.0,,1121.0,3.7,2.57,254.42,,
B0CHP11VXC,2023.0,256.0,oukitel,6.52,lcd,169.99,199.99,10600.0,15.0,,812.0,3.8,2.57,254.42,1600.0,720.0
B0DJY6QMJR,2024.0,256.0,ulefone,6.75,lcd,118.99,139.99,11.0,8.0,,37.0,4.0,0.91,320.0,1560.0,720.0
B09SHWGFJC,2022.0,128.0,samsung,6.4,oled,273.57,273.57,5000.0,6.0,,4579.0,4.4,2.5,186.0,,
B0CS297MLL,2024.0,256.0,samsung,6.6,amoled,229.0,303.36,5000.0,6.0,2.2,163.0,4.3,1.02,240.0,1920.0,1080.0
B0D8BFFTNW,2024.0,256.0,doogee,6.56,lcd,169.99,239.99,5150.0,20.0,1.6,60.0,4.2,2.57,254.42,,
B0C7KT6NGR,2024.0,128.0,xiaomi,6.79,lcd,101.93,101.93,5000.0,4.0,2.0,83.0,4.1,0.82,400.0,,
B0D8TCWWMK,2024.0,128.0,oscal,6.75,lcd,99.99,239.99,6000.0,16.0,2.0,33.0,4.6,0.91,214.0,1280.0,720.0
B0CQJRHSDR,2024.0,256.0,xiaomi,6.67,amoled,237.0,199.99,5000.0,8.0,,,,2.57,254.42,707.0,384.0
B0DL8VX17R,2024.0,128.0,xiaomi,6.88,amoled,119.0,129.0,5000.0,8.0,3.4e-09,14.0,4.7,2.57,254.42,,
B09C1X76CG,2024.0,128.0,panasonic,5.0,lcd,52.7,569.99,1.0,1.0,,110.0,3.7,60.0,290.0,400.0,240.0
B0CWLWJS5L,20.0,800.0,lazmin112,1.77,oled,16.59,16.59,800.0,32.0,,,,2.57,254.42,,
B0CQKDDCVK,2024.0,256.0,xiaomi,6.67,amoled,154.98,181.52,5000.0,8.0,,683.0,3.9,1.27,174.5,1080.0,2340.0
B09Q4DRPZM,2024.0,256.0,samsung,6.6,superamoled,499.99,519.99,4500.0,12.0,,660.0,4.3,0.76,195.0,,
B0D95CN6WH,2024.0,128.0,msmga,5.0,lcd,57.99,59.99,3000.0,16.0,,106.0,3.6,2.57,254.42,,
B0D2HQ626M,2024.0,256.0,oukitel,6.6,lcd,325.99,199.99,11000.0,24.0,2.0,409.0,4.5,1.49,360.0,1920.0,1080.0
B0BXSMBVJF,2024.0,128.0,zte,6.56,lcd,128.48,179.0,5130.0,4.0,1.6,21.0,3.4,2.57,254.42,720.0,1600.0
B0C9TW6KQH,2024.0,256.0,asus,5.9,amoled,599.0,699.99,4300.0,8.0,3.2,218.0,4.5,28.0,172.0,2400.0,1080.0
B0CCYT8Q2X,2024.0,256.0,motorola,6.67,amoled,289.73,299.0,5000.0,12.0,,2713.0,4.5,0.76,160.0,1080.0,2400.0
B0CPXX34K2,2024.0,256.0,xiaomi,6.67,amoled,260.0,329.3,5000.0,12.0,2.4,309.0,4.4,1.0,500.0,2712.0,1220.0
B0DFGHQSXC,2024.0,256.0,oppo,6.7,lcd,169.0,179.0,5100.0,8.0,8.0,298.0,4.5,0.77,186.0,1604.0,720.0
B0DPXMFDNS,2024.0,512.0,samsung,6.7,amoled,1089.0,1089.0,4000.0,12.0,,6.0,5.0,2.57,254.42,,
B0CX1J157Y,2022.0,128.0,xiaomi,0.39,lcd,131.45,152.65,5000.0,6.0,,6.0,3.8,5.0,400.0,1334.0,720.0
B0DPHSL9FP,2024.0,256.0,xiaomi,6.67,oled,204.9,299.0,5000.0,8.0,,18.0,2.8,2.57,254.42,,
B09MJMBS9X,2024.0,256.0,apple,6.1,oled,308.7,499.99,3000.0,8.0,,11194.0,3.5,2.57,254.42,,
B0DKDSXRBS,2024.0,256.0,oppo,2.63,lcd,209.0,499.99,5000.0,8.0,,5.0,4.8,2.57,254.42,,
B0DFMP95HF,2024.0,256.0,xiaomi,6.88,lcd,144.98,179.9,5000.0,8.0,2.0,101.0,4.3,2.57,254.42,1640.0,720.0
B0948CVYTX,2024.0,256.0,samsung,6.2,amoled,301.99,301.99,4000.0,8.0,,,,0.79,169.0,,
B0DR8X2Y1Z,2025.0,128.0,oscal,6.56,lcd,79.99,329.99,5000.0,4.0,,80.0,4.4,2.57,254.42,,
B0D5YN21S1,2024.0,256.0,doogee,6.56,oled,149.99,199.99,5150.0,16.0,,92.0,4.4,1.07,240.0,1080.0,2400.0
B0D6VX68ZJ,2024.0,64.0,oukitel,6.6,lcd,99.99,239.99,4300.0,8.0,1.6,801.0,4.1,2.57,254.42,720.0,1612.0
B0CTHWKD95,2024.0,256.0,motorola,6.6,lcd,229.0,199.99,5000.0,4.0,2.0,14.0,4.1,0.8,370.0,2400.0,1080.0
B0CR1F2812,2024.0,512.0,xiaomi,6.67,amoled,191.0,216.93,5000.0,12.0,2.2,41.0,4.5,6.0,500.0,2340.0,1080.0
B0CS3VWCC4,2024.0,256.0,motorola,6.5,lcd,179.99,179.99,5000.0,8.0,2.2,1127.0,4.3,0.8,174.0,1080.0,2400.0
B0CKZ7Z824,2023.0,512.0,cubot,6.58,ips,149.99,179.95,5200.0,8.0,2.0,194.0,3.6,1.0,217.0,2160.0,1080.0
B0CLV839RH,2023.0,256.0,doogee,4.5,amoled,165.99,165.99,3000.0,8.0,2.2,10.0,3.9,1.27,155.0,960.0,540.0
B0CDGNQH4G,2024.0,128.0,wrtogo,5.0,lcd,56.99,199.99,3000.0,1.0,,192.0,3.5,2.57,254.42,,
B0DQTBNBFK,2025.0,128.0,xgody,5.5,lcd,64.99,329.99,2850.0,16.0,,10.0,5.0,2.57,254.42,,
B0D47MZ2Z1,2024.0,256.0,xiaomi,6.67,amoled,589.95,499.99,5000.0,12.0,,,,2.57,254.42,2560.0,1440.0
B0DPHMH6V1,2024.0,256.0,xiaomi,6.67,amoled,242.1,250.4,5000.0,8.0,,15.0,3.8,0.8,190.0,,
B0B82BH283,2024.0,128.0,qrzrq,5.0,lcd,52.99,199.99,2900.0,1.0,,262.0,3.2,2.57,254.42,720.0,1280.0
B0D86CKH5Z,2024.0,128.0,cuifati,2.5,lcd,48.42,199.99,1000.0,16.0,,4.0,3.0,2.57,254.42,320.0,240.0
B0DPHN1435,2024.0,256.0,xiaomi,6.67,oled,237.78,247.59,5000.0,8.0,,6.0,4.0,8.2,600.0,,
B0CZXTCJH4,2024.0,256.0,,6.67,superamoled,285.89,309.99,5000.0,8.0,,47.0,3.5,11.42,340.0,,
B0D2QHF5X4,2024.0,256.0,vivo,6.67,amoled,229.0,199.99,5000.0,8.0,,53.0,4.3,0.78,185.5,1920.0,1080.0
B0B4PL3FGW,2024.0,128.0,luqeeg,5.0,lcd,56.56,56.56,2200.0,32.0,2.1,,,2.57,254.42,,
B0DCS7M6DQ,2024.0,128.0,oukitel,6.0,lcd,109.99,129.99,6300.0,16.0,1.6,156.0,3.8,1.5,290.0,576.0,1152.0
B0DMF4QFR2,2022.0,256.0,honor,6.78,amoled,229.0,199.99,5300.0,8.0,3.4,3.0,4.6,2.57,254.42,,
B0CF9W8XQC,2024.0,128.0,hammer h,6.5,amoled,221.81,221.81,6150.0,6.0,,28.0,2.8,2.0,280.0,1920.0,1080.0
B08XBZG7JC,2024.0,128.0,sorandy,5.5,lcd,115.52,115.52,5000.0,1.0,,19.0,2.9,2.57,254.42,,
B0BD5DKTSV,2024.0,128.0,bewinner,2.5,lcd,112.78,499.99,5000.0,1.0,1.3,9.0,2.7,2.57,254.42,,
B0CRF77622,2024.0,256.0,motorola,6.5,lcd,179.99,249.0,5000.0,12.0,,518.0,4.3,0.8,182.0,,
B0CBSCBNR7,2024.0,128.0,oppo,6.43,amoled,185.19,199.99,3600.0,8.0,1.0,416.0,4.2,0.79,183.5,,
B0DBLWQL1R,2024.0,1024.0,umidigi,6.75,lcd,124.99,499.99,5000.0,4.0,1.6,406.0,4.2,0.79,189.0,1600.0,720.0
B0CX2G43YF,2024.0,256.0,realme,6.72,lcd,192.37,192.37,5000.0,8.0,,245.0,4.2,7.0,180.0,1080.0,2400.0
B09STZG984,2024.0,800.0,samsung,1.8,lcd,19.99,19.99,1.0,32.0,,57.0,4.0,2.57,254.42,,
B0CQT26D35,2024.0,256.0,nubia,6.8,amoled,839.0,839.0,6000.0,16.0,3.0,102.0,3.9,0.88,246.0,,
B0BWJVRFSJ,2024.0,256.0,xiaomi,6.67,amoled,559.73,559.73,5000.0,4.0,2.6,1071.0,4.4,2.57,254.42,2400.0,1080.0
B0DCC3QKCR,2024.0,256.0,oppo,6.7,amoled,1579.0,1579.0,5000.0,8.0,2.4,74.0,4.2,0.77,500.0,2400.0,1080.0
B0DJ35H4MF,2024.0,256.0,xiaomi,6.67,amoled,418.0,487.62,5000.0,12.0,2.4,16.0,4.2,2.57,254.42,1080.0,2280.0
B0DNDTMWJY,2024.0,128.0,ulefone,6.75,amoled,135.99,329.99,6000.0,8.0,2.0,,,0.91,217.0,,
B09QS7K6CP,2024.0,256.0,xiaomi,6.43,lcd,156.99,156.99,5000.0,6.0,,16815.0,4.4,60.0,179.0,1080.0,2340.0
B0BFJ8FW3D,2021.0,128.0,xiaomi,6.52,amoled,129.52,199.99,5000.0,2.0,,26.0,4.2,2.57,254.42,,
B0CMBMGNF5,2024.0,256.0,xiaomi,6.74,lcd,139.77,144.99,5000.0,8.0,,110.0,4.2,0.81,192.0,1080.0,2400.0
B0DPXN3YHT,2024.0,256.0,samsung,6.7,amoled,1159.0,1159.0,5000.0,12.0,,,,2.57,254.42,,
B0DRJR3YRT,2024.0,256.0,realme,6.78,amoled,488.79,488.79,5000.0,12.0,3.2,2.0,3.0,0.86,500.0,,
B0D7HZ6Z8P,2024.0,256.0,oukitel,6.52,lcd,169.99,199.99,10600.0,12.0,2.0,62.0,4.1,1.71,680.0,720.0,1600.0
B0DHGYXQVK,2024.0,64.0,spc,2.8,lcd,59.99,69.9,1600.0,1.0,1.0,18.0,4.6,2.57,254.42,320.0,240.0
B0DNYQMD8X,2024.0,256.0,xiaomi,6.88,lcd,123.19,131.57,5160.0,128.0,8.0,21.0,4.7,2.57,254.42,1640.0,720.0
B0DL2NSH8Z,2024.0,256.0,realme,6.67,lcd,270.33,199.99,5000.0,12.0,2.6,3.0,5.0,2.57,254.42,,
B0CMGVXB9V,2024.0,128.0,oukitel,2.36,lcd,118.99,146.99,6300.0,4.0,2.0,1174.0,4.2,1.54,580.0,720.0,1440.0
B0CSG7MM7L,2024.0,256.0,xiaomi,6.67,amoled,165.29,549.0,5000.0,8.0,2.4,1631.0,4.3,0.8,188.5,,
B0D6GMV7XC,2024.0,128.0,doogee,6.56,lcd,119.99,119.99,5150.0,9.0,1.6,41.0,4.4,1.1,252.0,1080.0,2400.0
B0DG2XNT7N,2024.0,128.0,oukitel,6.52,lcd,89.99,119.99,4300.0,16.0,,291.0,4.3,2.57,254.42,576.0,1280.0
B0D95DY5QR,2024.0,128.0,msmga,5.0,lcd,57.99,199.99,3000.0,16.0,,106.0,3.6,2.57,254.42,,
B0C86M1H8Q,2024.0,512.0,samsung,6.7,lcd,1329.0,199.99,3700.0,8.0,,84.0,4.0,2.57,254.42,,
B0BG5YSRXZ,2024.0,128.0,hyrich,5.0,lcd,55.99,199.99,3000.0,1.0,1.2,249.0,2.8,2.57,254.42,720.0,1280.0
B0CXTCNJM7,2024.0,128.0,el,6.8,lcd,123.99,123.99,5000.0,8.0,,,,2.57,254.42,,
B0CQJXXLQG,2024.0,256.0,xiaomi,6.67,amoled,224.35,286.09,5000.0,8.0,2.05,263.0,4.4,0.79,188.0,1220.0,2712.0
B0DD7NNBM4,2024.0,256.0,doogee,6.56,lcd,229.99,289.99,15500.0,20.0,,14.0,4.4,2.07,269.0,720.0,1612.0
B0DJQFBMY8,2024.0,256.0,oukitel,6.52,lcd,209.99,199.99,10600.0,24.0,,37.0,4.1,2.57,254.42,1080.0,2400.0
B0BNLZ6GXH,2019.0,256.0,apple,6.7,oled,685.0,549.0,16.0,12.0,,64.0,3.6,0.05,436.0,,
B0DNF2251L,2024.0,128.0,ulefone,6.75,amoled,135.99,329.99,6000.0,8.0,2.0,,,0.91,217.0,,
B0CY8D7L7F,2024.0,128.0,samsung,6.67,amoled,254.9,499.99,5000.0,6.0,2.4,965.0,4.1,2.57,254.42,1080.0,2340.0
B0D2D2TQ68,2024.0,256.0,honor,6.67,amoled,209.0,229.0,4500.0,8.0,2.4,42.0,4.6,2.57,254.42,,
B0CL9KJQPY,2013.0,256.0,doogee,6.58,lcd,199.49,209.99,10800.0,12.0,2.0,58.0,4.0,5.7,390.0,1080.0,2408.0
B0DHZJW5Z4,2024.0,256.0,xiaomi,6.88,lcd,118.89,179.9,5160.0,8.0,60.0,220.0,4.2,2.57,254.42,2340.0,1080.0
B0BZJLDPN2,2024.0,128.0,google,6.3,amoled,999.0,199.99,5000.0,8.0,,447.0,4.1,0.9,190.0,1080.0,2400.0
B0DJD3S5GQ,2024.0,256.0,realme,6.78,amoled,719.41,499.99,6000.0,12.0,,82.0,4.5,2.57,254.42,1080.0,2340.0
B0CQ2Y672K,2024.0,128.0,tbest,5.0,lcd,62.81,199.99,3000.0,1.0,,,,2.57,254.42,,
B0CLM9X2PP,2023.0,128.0,xiaomi,6.74,lcd,122.49,131.79,5000.0,4.0,2.0,206.0,4.3,2.57,254.42,1650.0,720.0
B0CT8QRFJ4,2024.0,128.0,hotwav,6.52,oled,119.99,499.99,6280.0,4.0,2.4,74.0,4.1,1.3,300.0,,
B0D8BR4CDP,2025.0,256.0,doogee,6.72,lcd,299.99,379.99,10100.0,32.0,2.2,212.0,4.3,1.6,364.0,1080.0,2400.0
B0CXHWPMFT,2024.0,128.0,mcmgc,5.0,lcd,55.99,59.98,3000.0,1.0,,152.0,3.4,2.57,254.42,,
B0CY5DH5VG,2024.0,256.0,8849,6.79,lcd,749.99,199.99,23800.0,16.0,3.1,91.0,3.6,3.1,696.0,1080.0,2246.0
B0D4DYWF3H,2024.0,512.0,honor,6.78,oled,529.0,199.99,5000.0,12.0,,87.0,4.5,2.57,254.42,2700.0,1224.0
B09MJR5TDJ,2024.0,256.0,apple,6.1,xdr,470.0,499.99,2815.0,12.0,,303.0,3.7,2.57,254.42,,
B0D2DCSTBV,2024.0,256.0,xiaomi,6.79,lcd,199.9,199.99,5000.0,8.0,2.0,310.0,4.2,2.57,254.42,,
B097P2RTJ6,2024.0,128.0,honor,6.57,amoled,339.0,339.0,4300.0,6.0,2.4,278.0,4.3,7.78,175.0,,
B0CVQL4VY3,2024.0,128.0,samsung,6.65,superamoled,289.0,379.0,5000.0,6.0,,43.0,4.2,2.57,254.42,1080.0,2400.0
B0CZTTDTC7,2024.0,256.0,realme,6.7,amoled,225.99,359.99,5000.0,8.0,2.6,184.0,4.2,4.0,200.0,,
B08QXQK357,2024.0,128.0,samsung,6.7,amoled,389.0,399.99,4800.0,8.0,2.84,49.0,4.2,0.78,304.0,1080.0,2400.0
B0D9BKY2K8,2024.0,256.0,doogee,6.56,lcd,149.99,199.99,5150.0,16.0,,33.0,4.2,2.57,254.42,720.0,1612.0
B0DMZ6QMKQ,2025.0,256.0,doogee,6.6,lcd,169.99,219.99,10300.0,8.0,,72.0,4.4,1.58,362.0,,
B0CFV2DRV6,2023.0,128.0,oukitel,6.56,lcd,109.99,119.99,5150.0,12.0,,1813.0,4.1,0.92,199.0,1280.0,720.0
B0CZ6TM9WF,2024.0,256.0,nubia,6.9,oled,499.0,199.99,3290.0,8.0,2.4,23.0,3.3,0.7,209.0,2790.0,1188.0
B0CN11GSWM,2024.0,128.0,doogee,6.52,lcd,89.99,199.99,20.0,4.0,1.6,285.0,3.4,0.91,193.0,720.0,1600.0
B0CZXSLK4D,2024.0,256.0,samsung,6.67,superamoled,379.0,499.0,5000.0,8.0,3.0,47.0,3.5,2.57,254.42,2560.0,1440.0
B0D97XZJS6,2024.0,256.0,motorola,6.67,amoled,249.0,249.0,5000.0,8.0,,86.0,4.1,2.57,254.42,,
B0D4PMXL19,2024.0,256.0,honor,6.7,amoled,207.0,499.99,4500.0,8.0,,5.0,3.7,2.57,254.42,2412.0,1080.0
B0DRVGLDR9,2025.0,256.0,xiaomi,6.67,amoled,236.7,243.74,5110.0,8.0,2.5,2.0,4.5,0.84,190.0,1500.0,750.0
B0DG2ZTY46,2024.0,128.0,oukitel,6.52,lcd,89.99,119.99,4300.0,16.0,,291.0,4.3,2.57,254.42,1280.0,720.0
B0D7V1FCLD,2024.0,256.0,google,6.7,amoled,1079.0,1299.0,5060.0,12.0,,437.0,4.3,0.85,210.0,2560.0,1440.0
B0D1GB3V2R,2024.0,512.0,motorola,6.67,oled,329.0,199.99,5000.0,12.0,2.4,152.0,4.3,0.78,175.0,1080.0,2400.0
B0DFGG8WRX,2024.0,128.0,oppo,6.7,lcd,139.0,139.0,5100.0,4.0,2.1,298.0,4.5,0.77,186.0,,
B0CP17PN8H,2024.0,128.0,xiaomi,6.74,lcd,126.0,130.02,5000.0,4.0,,972.0,4.2,0.8,192.0,,
B0CP18P9W7,2024.0,256.0,redmi,6.74,lcd,69.95,199.99,5000.0,8.0,,1319.0,4.1,2.57,254.42,,
B0D97XYXVT,2024.0,256.0,motorola,6.67,amoled,249.0,249.0,5000.0,8.0,,86.0,4.1,11.42,340.0,1080.0,2160.0
B0DQTBFSW9,2025.0,128.0,xgody,5.5,lcd,64.99,64.99,2850.0,16.0,,10.0,5.0,2.57,254.42,,
B0CYJ219D5,2024.0,256.0,realme,6.4,lcd,129.97,199.99,5000.0,8.0,2.0,147.0,4.0,4.0,370.0,1600.0,720.0
B0CPPC89D9,2024.0,256.0,honor,6.78,amoled,229.9,229.9,5300.0,8.0,2.4,40.0,4.3,2.57,254.42,2652.0,1200.0
B0DKFNHRVQ,2024.0,256.0,oscal,6.56,lcd,199.99,399.0,5000.0,8.0,2.2,25.0,4.2,0.87,193.0,1280.0,720.0
B0DJVSDCYB,2025.0,256.0,blackview,6.67,lcd,209.99,199.99,15000.0,18.0,,35.0,4.5,2.57,254.42,,
B0CFL7L4QS,2024.0,128.0,ukuu,1.8,lcd,33.99,39.99,1800.0,32.0,,43.0,3.7,2.57,254.42,,
B0DKP53482,2024.0,512.0,xiaomi,6.67,amoled,399.99,429.9,6000.0,12.0,,253.0,4.3,2.57,254.42,1080.0,2400.0
B0CXJDX8XY,2024.0,128.0,google,6.1,amoled,399.0,549.0,4404.0,8.0,3.2,948.0,4.2,0.89,187.0,1080.0,2400.0
B0B63GDZ1T,2019.0,256.0,oppo,6.55,amoled,191.0,191.0,5000.0,12.0,1.0,3.0,5.0,2.57,254.42,1080.0,1920.0
B0BXFKD5GP,2024.0,256.0,motorola,6.67,oled,941.99,549.0,4600.0,12.0,,95.0,3.8,0.86,197.0,2400.0,1080.0
B0D8TDLW99,2024.0,128.0,oscal,6.52,lcd,89.99,89.99,4700.0,4.0,1.6,208.0,4.4,0.93,192.0,1280.0,720.0
B0D97XX8Z4,2024.0,64.0,motorola,6.56,lcd,69.0,109.0,5000.0,4.0,,85.0,4.0,2.57,254.42,1600.0,720.0
B0CY4ZH6VD,2024.0,128.0,doogee,6.56,lcd,89.99,129.99,5150.0,9.0,1.6,58.0,3.9,0.86,186.0,720.0,1600.0
B0DG6DR296,2024.0,256.0,xiaomi,6.88,lcd,149.99,169.9,5160.0,8.0,,253.0,4.2,2.57,254.42,,
B0DJQDMYHD,2024.0,128.0,doogee,6.56,lcd,119.99,149.99,5150.0,4.0,,39.0,4.5,0.86,186.0,,
B0CJFMQTY5,2023.0,128.0,zokoe,3.0,lcd,79.99,499.99,3.0,3.0,1.28,76.0,3.4,1.25,84.0,480.0,854.0
B0DLGW384T,2024.0,512.0,xiaomi,6.67,amoled,299.9,349.9,5000.0,12.0,,,,2.57,254.42,1500.0,750.0
B0DCC3FQJ3,2024.0,256.0,oppo,6.7,lcd,229.0,249.0,5100.0,8.0,1.0,66.0,3.5,0.77,186.0,1280.0,720.0
B0DP72PCZ3,2024.0,128.0,shieldon,6.3,lcd,37.99,37.99,800.0,32.0,,28.0,4.3,1.7,85.0,,
B0DNK3Y6HK,2024.0,128.0,samsung,2.64,lcd,179.0,199.0,5000.0,8.0,,5.0,3.6,2.57,254.42,2400.0,1080.0
B0BZJK1ZTY,2024.0,128.0,google,6.1,amoled,259.0,199.99,5000.0,8.0,,994.0,4.1,0.9,194.0,1080.0,2400.0
B0DJW4XKNW,2024.0,128.0,ulefone,6.56,lcd,79.99,399.0,5000.0,6.0,,47.0,4.3,0.86,192.0,1280.0,1080.0
B0CLQV32XM,2022.0,128.0,blackview,6.5,amoled,119.99,199.99,5180.0,8.0,2.0,69.0,4.1,0.9,184.0,,
B0DG64KMM6,2024.0,256.0,xiaomi,6.88,lcd,149.99,169.9,5160.0,8.0,,253.0,4.2,2.57,254.42,,
B0BW67W2YP,2024.0,256.0,xiaomi,6.67,lcd,208.98,234.92,5000.0,8.0,,996.0,4.5,2.57,254.42,1080.0,2400.0
B0DRCZ7YL2,2025.0,256.0,xiaomi,6.67,amoled,175.88,186.0,5500.0,8.0,,10.0,4.9,2.57,254.42,,
B0DHGGKJFJ,2024.0,256.0,orico,6.67,amoled,229.99,129.99,5000.0,8.0,,161.0,4.3,1.1,53.0,,
B0DDTRLXM6,2024.0,512.0,doogee,6.78,lcd,399.99,569.99,8680.0,12.0,,34.0,4.8,1.58,383.0,,
B0DFP5WQSQ,2024.0,128.0,oukitel,6.52,lcd,79.99,99.99,4300.0,8.0,1.6,293.0,4.4,0.9,460.0,1520.0,720.0
B0CN2TJYL6,2024.0,128.0,doogee,5.58,lcd,118.99,149.99,6300.0,8.0,1.8,218.0,3.9,2.57,254.42,1440.0,720.0
B0CXHC9B82,2024.0,128.0,mcmgc,5.0,lcd,56.99,59.99,3000.0,1.0,,152.0,3.4,2.57,254.42,,
B0CF2PV74C,2023.0,256.0,motorola,6.5,lcd,174.0,199.99,5000.0,8.0,2.2,1267.0,4.5,0.8,174.0,,
B0DG2YDL7Y,2024.0,128.0,cubot,6.56,lcd,149.99,159.99,5100.0,16.0,,70.0,3.9,1.28,268.0,720.0,1612.0
B0DG55RN6Q,2024.0,256.0,8849pro,6.79,lcd,859.99,199.99,23800.0,18.0,,5.0,4.8,2.57,254.42,1920.0,1080.0
B0977N1YK6,2024.0,128.0,apple,5.4,oled,259.0,499.99,5000.0,8.0,,6560.0,3.5,2.57,254.42,,
B09MJSV5WB,2018.0,128.0,apple,6.1,xdr,370.0,499.99,2815.0,6.0,3.22,1235.0,3.5,2.57,254.42,,
B0CMJL12C7,2024.0,256.0,xiaomi,6.67,amoled,193.34,1299.0,5000.0,8.0,2.2,902.0,4.3,2.57,254.42,2400.0,1080.0
B0C3BP7QZ5,2024.0,800.0,fockety,1.8,lcd,20.68,54.98,800.0,32.0,,,,2.57,254.42,,
B0D3QCFYP2,2024.0,2048.0,ulefone,6.78,lcd,179.99,249.99,19.0,12.0,2.0,69.0,3.9,0.88,211.6,1080.0,2460.0
B0BVZQGL7R,2024.0,256.0,motorola,6.5,lcd,199.0,199.0,5000.0,4.0,,830.0,4.3,2.57,254.42,,
B0CFNVHPR8,2024.0,128.0,akozon,5.0,lcd,62.87,62.87,3000.0,1.0,,,,2.57,254.42,,
B0DHZ44FHF,2024.0,256.0,vivo,6.67,amoled,299.0,199.99,5000.0,8.0,,123.0,4.2,0.78,188.0,1080.0,2340.0
B0DPFXGKCD,2025.0,256.0,oscal,6.56,lcd,199.99,329.99,5000.0,8.0,,25.0,4.2,0.87,193.0,,
B0C5Y53G65,2024.0,256.0,honor,6.7,lcd,199.4,299.0,4500.0,8.0,2.2,479.0,4.2,28.0,179.0,1080.0,2388.0
B0DPXMJNV7,2024.0,256.0,samsung,6.3,amoled,969.0,969.0,4000.0,12.0,,6.0,5.0,2.57,254.42,1440.0,3200.0
B0D8W44V1D,2024.0,256.0,honor,6.7,oled,375.0,199.99,5200.0,12.0,3.0,6.0,5.0,2.57,254.42,1080.0,2400.0
B0CPXZ9F5V,2024.0,512.0,xiaomi,6.67,amoled,199.9,199.99,5000.0,12.0,0.0035,449.0,4.2,2.57,254.42,1920.0,1080.0
B0CPPZRQJK,2024.0,256.0,xiaomi,6.67,oled,282.0,449.0,5000.0,8.0,,780.0,4.5,0.89,204.8,,
B0CTHZC9TW,2024.0,256.0,xiaomi,6.67,amoled,469.0,199.99,5000.0,12.0,,540.0,4.4,2.57,254.42,2560.0,1440.0
B0CP44JVQF,2024.0,128.0,samsung,6.7,amoled,134.9,149.99,3600.0,4.0,1.8,45.0,4.2,1.2,270.0,720.0,1600.0
B0D5H81PTY,2024.0,128.0,cubot,6.56,lcd,79.99,199.99,5100.0,4.0,,40.0,3.8,2.57,254.42,,
B0C6K9BCXF,2024.0,128.0,vivo,6.68,lcd,139.0,89.99,6000.0,4.0,,102.0,4.3,0.8,199.0,,
B0CP2FGY64,2024.0,512.0,asus,6.78,amoled,976.6,1229.99,5500.0,16.0,3.2,114.0,4.0,0.91,225.0,2400.0,1080.0
B0DCNS8NJM,2025.0,256.0,doogee,6.56,lcd,319.99,329.99,10400.0,16.0,,62.0,4.5,6.0,343.0,1920.0,1080.0
B08WWHJFLR,2024.0,128.0,samsung,6.5,superamoled,278.99,349.0,4500.0,6.0,2.3,5663.0,4.4,0.84,187.0,,
B0DKT15QW9,2025.0,128.0,oukitel,6.67,lcd,99.99,199.99,5150.0,16.0,1.6,87.0,4.3,0.87,199.0,720.0,1600.0
B08XYN28KT,2024.0,128.0,gegong,5.8,lcd,36.99,36.99,4000.0,4.0,,19.0,2.5,2.57,254.42,1920.0,1080.0
B0CMJKP1HM,2024.0,256.0,xiaomi,6.67,amoled,286.83,199.99,5100.0,12.0,2.4,2665.0,4.5,2.57,254.42,,
B0CR1DP99L,2024.0,512.0,xiaomi,6.67,amoled,191.0,313.61,5000.0,12.0,,75.0,4.2,6.0,520.0,1080.0,2400.0
B0CTHYFRHH,2024.0,256.0,realme,6.67,amoled,320.0,320.0,5000.0,8.0,,975.0,4.3,2.57,254.42,1080.0,2400.0
B0D47HKQJM,2024.0,256.0,oneplus,6.67,amoled,236.78,329.0,5110.0,8.0,,120.0,4.3,0.81,191.0,,
B0BW66P9XN,2024.0,256.0,xiaomi,6.6,lcd,209.0,233.17,5000.0,8.0,,2842.0,4.4,2.57,254.42,2400.0,1080.0
B0CT8TCT6F,2024.0,128.0,oppo,6.56,lcd,95.0,199.99,5000.0,4.0,2.0,298.0,4.5,0.82,250.0,,
B0DM8LHMNL,2024.0,128.0,xiaomi,6.88,lcd,112.0,199.99,5160.0,4.0,,,,2.57,254.42,720.0,1640.0
B0C6FDCPB1,2024.0,128.0,xiaomi,6.56,lcd,101.0,108.95,5000.0,4.0,2.0,1391.0,4.2,0.82,198.5,2460.0,1080.0
B09MJR298V,2024.0,256.0,apple,6.1,xdr,473.0,499.99,2815.0,12.0,,1120.0,3.7,2.57,254.42,,
B0CJP4TZBD,2021.0,64.0,xiaomi,6.58,lcd,193.95,193.95,5000.0,4.0,2.2,2.0,4.5,2.57,254.42,,
B0CNK3KJJ3,2023.0,256.0,xiaomi,6.74,lcd,138.27,179.0,5000.0,8.0,,795.0,4.3,2.57,254.42,1080.0,2400.0
B0CGMTH9ZZ,2023.0,128.0,ulefone,5.45,amoled,119.99,199.99,4860.0,3.0,2.0,67.0,4.2,1.43,257.0,720.0,1440.0
B0CTHXXX7V,2024.0,128.0,motorola,6.6,lcd,113.69,329.99,5000.0,4.0,,14.0,4.1,0.8,380.0,2400.0,1080.0
B0D6VXFV6K,2024.0,64.0,oukitel,6.6,lcd,99.99,569.99,4300.0,8.0,,801.0,4.1,2.57,254.42,1080.0,2400.0
B0DL4831YZ,2024.0,128.0,xiaomi,6.88,lcd,106.0,122.22,18.0,8.0,,118.0,4.5,0.82,200.0,720.0,1640.0
B0D8L91CJT,2024.0,128.0,oukitel,6.52,lcd,159.99,199.99,10600.0,16.0,1.6,303.0,4.2,1.74,370.0,1280.0,576.0
B0D9LQ7KD5,2024.0,128.0,xiaomi,6.67,amoled,145.99,145.99,5030.0,8.0,1.2,7.0,4.6,2.57,254.42,1920.0,1080.0
B0DGXCJ5BW,2024.0,256.0,blackview,6.78,lcd,159.99,199.99,5000.0,16.0,2.2,109.0,4.1,2.57,254.42,2560.0,1440.0
B0DKP63HXT,2024.0,128.0,xiaomi,6.67,amoled,239.9,239.9,5500.0,8.0,,197.0,4.4,2.57,254.42,,
B0CTG3JNMF,2024.0,128.0,umidigi,6.53,lcd,149.99,169.99,6000.0,6.0,2.0,218.0,3.8,1.29,510.0,1080.0,1920.0
B0BJFBHBW9,2024.0,256.0,dpofirs,6.7,lcd,226.42,549.0,4000.0,8.0,,,,2.57,254.42,,
B0CTMM8S86,2024.0,128.0,umidigi,6.7,lcd,179.99,146.99,5000.0,16.0,,384.0,3.8,0.8,195.0,,
B0CLLX6C9M,2024.0,512.0,xiaomi,6.67,amoled,478.67,499.0,5000.0,12.0,2.8,1956.0,4.2,2.57,254.42,1080.0,2400.0
B0CQZ4BK6C,2024.0,256.0,xiaomi,6.67,oled,276.0,297.0,5000.0,8.0,2.4,324.0,4.4,0.89,204.8,1080.0,2400.0
B0DLNM2N1D,2025.0,128.0,blackview,6.56,lcd,89.0,109.99,5000.0,12.0,,328.0,4.3,2.57,254.42,,
B0CHBHVX9K,2017.0,128.0,msmga,5.0,lcd,55.99,149.99,3000.0,1.0,,197.0,3.0,2.57,254.42,1280.0,720.0
B0BTPFDYNM,2023.0,128.0,xiaomi,6.58,amoled,114.0,134.89,3600.0,4.0,,42.0,3.8,8.9,150.0,2048.0,1080.0
B0CNR4XBY7,2023.0,128.0,xiaomi,6.74,amoled,119.99,124.99,5000.0,8.0,2.0,1486.0,4.4,1.27,400.0,1080.0,2400.0
B0BSLJNW5G,2024.0,256.0,motorola,6.5,lcd,194.99,499.99,5000.0,8.0,2.4,815.0,4.3,28.0,181.0,1080.0,2400.0
B0DFPZXW3P,2024.0,64.0,oukitel,6.6,lcd,79.99,99.99,4300.0,8.0,,140.0,4.4,2.57,254.42,720.0,1600.0
B0DKNVBD41,2024.0,256.0,vivo,6.67,amoled,299.0,329.0,5000.0,8.0,2.2,216.0,4.2,0.78,188.0,2400.0,1080.0
B09RKHJ9S3,2022.0,128.0,samsung,6.1,amoled,449.99,499.99,3700.0,8.0,,177.0,4.2,2.57,254.42,2400.0,1080.0
B0D8Y5VQRR,2024.0,256.0,cubot,6.95,lcd,329.99,199.99,5100.0,24.0,3.1,40.0,4.0,2.57,254.42,1080.0,2460.0
B0CC5TQ2HB,2024.0,256.0,cubot,6.58,lcd,219.95,219.95,5200.0,12.0,2.2,2.0,5.0,2.57,254.42,1080.0,2408.0
B0DKN7GNP6,2024.0,128.0,blackview,6.56,lcd,80.99,199.99,18.0,2.0,,241.0,4.3,2.57,254.42,720.0,1612.0
B0CMJL5QMK,2024.0,256.0,xiaomi,6.67,amoled,329.9,329.9,5100.0,12.0,2.2,5476.0,4.3,2.57,254.42,1440.0,2560.0
B0D2QFYJTQ,2024.0,256.0,vivo,6.67,amoled,229.0,199.99,5000.0,8.0,2.4,53.0,4.3,0.78,191.0,1080.0,1920.0
B0DH24HBNF,2024.0,128.0,joyzap,3.0,lcd,49.99,199.99,900.0,2.0,1.3,9.0,3.2,1.26,137.0,360.0,640.0
B0DH2437SY,2024.0,128.0,xiaomi,6.88,lcd,85.81,121.96,5000.0,4.0,60.0,57.0,4.5,2.57,254.42,2340.0,1080.0
B0CN14MGVF,2024.0,128.0,doogee,5.5,lcd,119.99,199.99,5000.0,8.0,1.6,19.0,3.5,1.62,470.0,1440.0,720.0
B0D4MFT832,2024.0,128.0,doogee,6.56,lcd,109.99,149.99,5000.0,4.0,1.8,,,2.57,254.42,1080.0,1920.0
B0CKWDPR95,2013.0,128.0,doogee,6.52,lcd,89.99,89.99,4200.0,20.0,,44.0,2.9,0.91,430.0,1280.0,720.0
B09688TN93,2024.0,128.0,panasonic,2.4,lcd,44.95,49.99,3000.0,1.0,1e-09,,,2.57,254.42,1280.0,720.0
B09ZHGZ7YS,2024.0,128.0,xiaomi,6.56,lcd,85.38,129.0,5000.0,2.0,2.0,743.0,3.7,0.78,194.0,1600.0,720.0
B09Q1VZ3KK,2025.0,128.0,hipipooo,2.5,lcd,62.0,199.99,1000.0,2.0,1.3,156.0,3.4,2.57,254.42,854.0,480.0
B0D95Z6BJ2,2024.0,64.0,oukitel,6.52,lcd,139.99,239.99,10600.0,16.0,1.8,467.0,4.3,2.57,254.42,,
B0DHHH14QT,2024.0,256.0,xiaomi,2.71,lcd,148.17,179.9,5160.0,8.0,2.0,66.0,3.8,8.2,500.0,1920.0,1080.0
B0CJFJQLRF,2023.0,128.0,zokoe,3.0,lcd,79.99,199.99,3.0,3.0,1.28,76.0,3.4,1.25,84.0,480.0,854.0
B0D3F61948,2024.0,128.0,umidigi,6.75,lcd,127.49,149.99,5000.0,6.0,2.0,610.0,3.8,0.79,189.0,1080.0,2400.0
B0DLNRXQMV,2025.0,128.0,blackview,6.56,lcd,129.99,329.99,5000.0,12.0,,106.0,4.2,2.57,254.42,1280.0,720.0
B0D83FB1PX,2024.0,512.0,xiaomi,6.67,amoled,398.0,523.33,5000.0,12.0,3.2,,,2.57,254.42,1440.0,3200.0
B0D8TFQPCL,2024.0,256.0,oscal,6.78,lcd,159.99,199.99,5000.0,24.0,2.2,53.0,4.2,0.83,198.0,1920.0,1080.0
B0CR16KX25,2024.0,256.0,poco,6.67,amoled,279.99,341.0,5000.0,12.0,6.0,1512.0,4.6,2.57,254.42,,
B0CYCGR52W,2024.0,128.0,xiaomi,6.56,lcd,138.01,199.99,5000.0,8.0,,56.0,4.3,2.57,254.42,,
B0D8TDJ1DB,2024.0,128.0,oscal,6.75,lcd,139.99,239.99,5180.0,16.0,2.0,82.0,4.4,0.87,195.0,1280.0,720.0
B0DHRQCB1G,2024.0,128.0,cubot,6.75,lcd,99.99,129.99,5100.0,12.0,1.8,61.0,4.0,2.57,254.42,720.0,1600.0
B0DNK43C2P,2024.0,128.0,samsung,6.56,lcd,155.4,155.4,5000.0,8.0,,,,2.57,254.42,,
B0CN12BMRW,2024.0,256.0,samsung,6.5,superamoled,205.87,149.99,5000.0,8.0,,1330.0,4.4,3.0,197.0,1080.0,2400.0
B0D8LH632G,2024.0,512.0,oneplus,6.74,oled,499.0,599.0,5500.0,16.0,,237.0,4.4,0.8,199.5,,
B0DBQVF8DR,2024.0,128.0,vivo,6.68,lcd,139.0,189.99,6000.0,4.0,,102.0,4.3,0.8,390.0,,
B0DD7QC4ZS,2024.0,256.0,doogee,6.56,lcd,229.99,289.99,15500.0,20.0,,14.0,4.4,6.0,269.0,,
B0DMP6PMTB,2024.0,256.0,oppo,6.7,amoled,1249.0,1249.0,5910.0,16.0,,96.0,4.3,2.57,254.42,1536.0,720.0
B0DP52QWHF,2025.0,512.0,doogee,6.6,lcd,319.99,399.99,10800.0,24.0,,28.0,4.9,2.57,254.42,,
B0DP9JL5MQ,2024.0,256.0,realme,6.78,oled,769.0,329.99,6500.0,12.0,,2.0,4.5,2.57,254.42,,
B0CQKGMRMM,2024.0,256.0,xiaomi,6.67,amoled,699.0,199.99,5100.0,12.0,2.2,76.0,4.2,2.57,254.42,1220.0,2712.0
B0DRC5MF1N,2025.0,256.0,xiaomi,6.67,amoled,330.35,479.0,5110.0,8.0,,8.0,3.7,0.89,210.0,1500.0,720.0
B0CVQKCPRT,2024.0,128.0,samsung,6.6,superamoled,289.0,379.0,5000.0,6.0,,43.0,4.2,2.57,254.42,1080.0,2340.0
B0CBDZ5NGK,2024.0,128.0,ulefone,6.52,amoled,139.99,199.99,4400.0,4.0,,208.0,4.0,0.87,184.0,,
B0CW94KKMN,2023.0,128.0,vivo,6.56,lcd,99.0,129.0,5000.0,4.0,,257.0,4.3,0.81,186.0,,
B0D95F21B3,2024.0,128.0,msmga,5.0,lcd,57.99,57.99,3000.0,1.0,,,,2.57,254.42,1280.0,720.0
B0DMCLZBYX,2024.0,256.0,redmi,6.88,lcd,118.27,136.99,5160.0,8.0,2.0,30.0,4.5,2.57,254.42,720.0,1640.0
B0DM67VYSC,2025.0,256.0,nubia,6.85,amoled,879.0,879.0,6150.0,12.0,4.32,11.0,3.5,0.86,228.0,2688.0,1216.0
B0DP4FG72Q,2024.0,256.0,xiaomi,6.74,amoled,129.9,159.0,5160.0,8.0,,90.0,4.5,2.57,254.42,1080.0,1920.0
B0DH4DTQYB,2024.0,800.0,sparkledot,1.8,lcd,16.98,299.99,800.0,32.0,,17.0,4.1,2.57,254.42,,
B0CSVS3FNK,2024.0,256.0,samsung,6.7,amoled,884.99,1459.0,5000.0,12.0,,567.0,4.4,3.0,340.0,3808.0,2160.0
B0C4MKYM4G,2024.0,128.0,winh,5.0,lcd,55.22,55.22,3000.0,16.0,2.0,,,2.57,254.42,1920.0,1080.0
B0B8ZF9ZPV,2024.0,128.0,zunate,4.66,lcd,112.25,112.25,2800.0,32.0,,4.0,3.0,2.57,254.42,,
B0B6411NSJ,2024.0,128.0,samsung,6.4,superamoled,349.99,349.99,4500.0,8.0,2.8,106.0,4.5,12.0,310.0,,
B0CTHX8WYP,2024.0,256.0,motorola,6.6,lcd,129.0,129.0,5000.0,6.0,,,,2.57,254.42,2400.0,1080.0
B0DK4NKK7Y,2024.0,256.0,oppo,2.63,amoled,299.0,499.99,5000.0,8.0,,11.0,4.8,2.57,254.42,,
B0DBVB3K5C,2023.0,256.0,motorola,6.67,oled,198.0,1299.0,5000.0,8.0,,103.0,4.3,0.76,170.0,2400.0,1080.0
B0CF2PH6Z5,2023.0,256.0,motorola,6.5,lcd,174.99,174.99,5000.0,8.0,2.2,113.0,4.2,0.8,174.0,,
B0CXPYTGX4,2024.0,256.0,oppo,6.7,amoled,217.59,199.99,3600.0,8.0,2.6,416.0,4.2,0.75,177.0,2412.0,1080.0
B0CG196RT9,2024.0,128.0,blackview,6.56,lcd,149.99,169.99,18.0,18.0,2.3,232.0,4.2,0.82,438.0,,
B0DDTCYLCP,2024.0,256.0,oukitel,6.0,lcd,179.99,199.99,6300.0,24.0,,58.0,4.4,1.5,268.0,576.0,1152.0
B0CY2KV41P,2024.0,256.0,motorola,0.39,lcd,181.03,249.0,5000.0,12.0,,518.0,4.3,0.8,177.0,,
B0CN13F65C,2024.0,128.0,samsung,6.7,lcd,127.99,127.99,5000.0,4.0,1.5,461.0,4.4,0.88,195.0,,
B0DSMKWQKC,2024.0,128.0,ivanky,1.8,lcd,25.99,59.99,800.0,32.0,,119.0,4.4,2.57,254.42,,
B0BDQ5C7YX,2024.0,64.0,dpofirs,2.5,lcd,59.03,149.99,3000.0,1.0,1.0,7.0,3.0,2.57,254.42,480.0,270.0
B0D5D5Z1H2,2024.0,128.0,umidigi,6.75,lcd,84.99,99.99,5000.0,4.0,1.6,113.0,3.6,0.79,189.0,1920.0,1080.0
B0CP184K7G,2024.0,128.0,xiaomi,6.74,lcd,127.99,127.99,5000.0,4.0,2.0,972.0,4.2,0.8,192.0,1080.0,2400.0
B0DDCGN7QJ,2024.0,256.0,doogee,6.56,amoled,229.98,289.99,5000.0,8.0,,,,2.57,254.42,,
B0DFMN3X6C,2024.0,256.0,xiaomi,6.88,lcd,179.9,179.9,5000.0,8.0,2.0,101.0,4.3,2.57,254.42,1640.0,720.0
B0BD8NXHNL,2024.0,128.0,hammer h,2.4,lcd,100.34,199.99,3500.0,0.0,,261.0,3.9,7.0,350.0,,
B0D2L3S4ZY,2024.0,256.0,realme,6.78,amoled,606.63,199.99,5500.0,12.0,,477.0,4.4,2.57,254.42,,
B0D7D39H1P,2024.0,128.0,pusokei,1.77,led,48.27,199.99,3000.0,16.0,,,,2.57,254.42,,
B0CFL3VLX7,2023.0,64.0,ulefone,5.45,lcd,113.99,113.99,4860.0,8.0,2.2,96.0,4.2,2.57,254.42,,
B0DQGMFWDY,2024.0,256.0,8849,6.79,lcd,559.99,559.99,23800.0,12.0,,7.0,4.4,2.57,254.42,,
B08VW9J5GV,2024.0,128.0,doogee,6.52,lcd,79.99,79.99,5000.0,4.0,1.8,,,2.57,254.42,540.0,1200.0
B0BCKZ64JN,2024.0,128.0,,6.56,lcd,85.14,199.99,5000.0,2.0,,276.0,4.1,12.7,250.0,,
B0CR2TLXJB,2024.0,512.0,xiaomi,6.67,amoled,302.0,321.0,5000.0,12.0,,,,2.57,254.42,1220.0,2712.0
B0CSFV5FT4,2024.0,256.0,xiaomi,6.67,amoled,319.99,499.99,5000.0,8.0,,14.0,4.5,2.57,254.42,2400.0,1080.0
B0DJV1HBJB,2024.0,128.0,msmga,5.0,lcd,56.99,59.99,3000.0,1.0,,72.0,3.5,2.57,254.42,1280.0,720.0
B0BG5Z1Q2D,2018.0,128.0,hyrich,5.0,lcd,55.99,199.99,3000.0,1.0,1.2,249.0,2.8,2.57,254.42,1280.0,720.0
B0CVQ6SYFK,2024.0,256.0,samsung,6.67,amoled,297.0,10.4,5000.0,8.0,,91.0,4.2,2.57,254.42,1080.0,2340.0
B0DRFJR1R3,2024.0,256.0,xiaomi,6.67,oled,185.98,149.99,5110.0,8.0,,,,2.57,254.42,1080.0,2400.0
B0D3TGG2QX,2024.0,256.0,doogee,6.56,lcd,149.99,149.99,5149.0,16.0,,51.0,4.3,0.86,186.0,,
B0CXJ9XSVZ,2024.0,128.0,google,6.1,amoled,399.0,549.0,4404.0,8.0,,948.0,4.2,0.89,187.0,1080.0,2400.0
B0DS1VS2VJ,2025.0,256.0,xiaomi,6.67,amoled,301.63,318.0,6000.0,8.0,2.5,20.0,3.7,0.83,200.0,2560.0,1500.0
B0BW8Q1MBR,2024.0,256.0,xiaomi,6.71,lcd,201.49,201.49,5000.0,4.0,2.0,530.0,4.3,0.88,192.0,,
B0B4F2L38W,2024.0,128.0,xiaomi,6.5,lcd,128.28,199.99,5000.0,4.0,,183.0,4.3,0.78,500.0,,
B0CNKT2D1G,2024.0,128.0,samsung,6.5,superamoled,163.19,197.27,5000.0,4.0,,1417.0,4.5,2.0,200.0,1920.0,1080.0
B0DR8D6RYQ,2024.0,512.0,doogee,6.6,amoled,279.99,329.99,5000.0,32.0,,,,2.57,254.42,1920.0,1080.0
B0CXTPFDYC,2024.0,128.0,azuiqimeng,1.8,lcd,29.99,29.99,800.0,32.0,,,,2.57,254.42,128.0,160.0
B0CPYK2K1J,2024.0,512.0,oneplus,6.82,amoled,853.28,1099.0,5000.0,16.0,3.2,341.0,4.5,6.1,500.0,,
B0CNTMLQX4,2024.0,128.0,blackview,6.56,amoled,84.99,199.99,18.0,16.0,,263.0,4.1,2.57,254.42,1600.0,720.0
B0D4YPG9KQ,2024.0,256.0,oukitel,6.8,lcd,189.99,199.99,5150.0,1.0,2.2,58.0,4.6,0.91,208.0,720.0,1600.0
B0DCBYCTJP,2024.0,256.0,oppo,6.7,amoled,195.07,199.99,5000.0,8.0,2.0,74.0,4.2,0.77,25.0,,
B0CQ32CLZQ,2024.0,256.0,xiaomi,6.67,amoled,249.99,18.01,5000.0,8.0,2.4,,,2.57,254.42,1080.0,2340.0
B0D1GWYH9X,2024.0,64.0,realme,6.74,lcd,111.56,149.99,5000.0,3.0,1.8,455.0,4.2,4.0,370.0,720.0,1600.0
B0CMX16QF1,2023.0,256.0,unihertz,3.0,lcd,209.99,199.99,2000.0,8.0,2.2,511.0,4.3,1.87,116.0,480.0,800.0
B0D4SMFD94,2024.0,256.0,xiaomi,6.79,lcd,138.0,199.0,33.0,8.0,1e-09,303.0,4.3,2.57,254.42,1280.0,720.0
B0BMLW1BTG,2022.0,128.0,google,6.3,oled,219.99,199.99,4355.0,8.0,,140.0,4.2,0.87,195.5,,
B0DB1JMM3P,2024.0,512.0,tcl,6.6,amoled,237.21,279.99,5000.0,8.0,,,,2.57,254.42,2460.0,1080.0
B0DFGS5NFN,2024.0,128.0,oppo,6.56,lcd,115.0,115.0,3600.0,8.0,2.0,19.0,3.2,0.77,186.0,1080.0,2400.0
B0CM11XZNB,2024.0,128.0,fossibot,5.45,amoled,179.99,199.99,10600.0,15.0,2.0,32.0,4.3,2.03,340.0,1280.0,720.0
B0DMST1TH8,2024.0,256.0,realme,6.67,lcd,124.99,138.99,5000.0,8.0,2.0,5.0,4.5,0.76,300.0,1604.0,720.0
B0CSG93BF7,2024.0,256.0,xiaomi,6.67,lcd,156.0,156.0,5000.0,8.0,2.8,,,2.57,254.42,,
B0CYT9HFRF,2024.0,128.0,tcl,6.56,lcd,141.01,179.99,5000.0,8.0,,13.0,4.6,0.83,190.0,,
B0CQKDBVT8,2024.0,256.0,xiaomi,6.67,amoled,299.99,199.99,5000.0,12.0,2.2,263.0,4.4,2.57,254.42,2400.0,1080.0
B0CJ9QRVT7,2024.0,128.0,xiaomi,6.74,lcd,149.99,149.99,5000.0,8.0,2.0,,,2.57,254.42,720.0,1600.0
B09B11HGMS,2024.0,256.0,samsung,6.7,amoled,629.99,629.99,5000.0,8.0,,60.0,3.9,0.69,183.0,,
B0D2HLFLQD,2024.0,256.0,oukitel,6.6,lcd,309.99,325.99,11000.0,24.0,2.2,409.0,4.5,1.49,360.0,1080.0,2220.0
B0DPHBX2Q9,2024.0,256.0,samsung,6.56,lcd,155.0,159.0,5000.0,8.0,,12.0,4.3,2.57,254.42,,
B0DNJZBNRD,2024.0,128.0,samsung,2.64,lcd,150.14,150.14,5000.0,8.0,,5.0,3.6,2.57,254.42,2400.0,1080.0
B0DPHMDQKR,2024.0,256.0,xiaomi,6.67,oled,257.57,399.0,18.0,8.0,,38.0,3.8,2.57,254.42,2340.0,1080.0
B0CXJ21G46,2024.0,512.0,doogee,6.58,lcd,259.99,319.99,10800.0,20.0,2.2,524.0,4.2,2.57,254.42,1080.0,2408.0
B0CQJY9JYT,2024.0,128.0,samsung,6.7,amoled,112.4,124.84,5000.0,4.0,2.4,646.0,4.3,2.57,254.42,1080.0,2160.0
B0D95SK41T,2024.0,256.0,nothing,6.7,amoled,399.0,429.0,5000.0,12.0,3.0,1392.0,4.4,0.85,190.0,1084.0,2412.0
B0DFH43528,2024.0,128.0,oukitel,6.52,lcd,79.99,99.99,4300.0,8.0,1.6,293.0,4.4,0.9,450.0,1600.0,720.0
B0CPXX5K3D,2024.0,256.0,xiaomi,6.67,amoled,399.0,199.99,5000.0,12.0,2.4,309.0,4.4,2.57,254.42,1080.0,2400.0
B0DSB4XGR8,2024.0,128.0,hyrich,5.0,lcd,57.99,149.99,3000.0,1.0,,5.0,5.0,2.57,254.42,,
B0CN137WV2,2024.0,64.0,samsung,7.7,lcd,127.57,127.57,5000.0,4.0,,201.0,4.3,3.0,195.0,,
B0C53BYHZZ,2024.0,64.0,blackview,6.1,lcd,123.99,199.99,6580.0,12.0,2.3,345.0,4.2,2.57,254.42,720.0,1560.0
B0D8TCYZGD,2024.0,256.0,oukitel,6.52,hd,149.99,199.99,10600.0,24.0,1.6,659.0,4.4,2.57,254.42,,
B0DJ71YMXR,2024.0,256.0,xiaomi,6.88,amoled,118.99,199.99,5000.0,8.0,,25.0,4.7,2.57,254.42,,
B0CCW32ZH2,2024.0,256.0,motorola,6.55,amoled,230.0,399.0,5000.0,12.0,1e-09,,,2.57,254.42,2640.0,1080.0
B0D5292XN3,2024.0,256.0,xiaomi,6.79,lcd,140.69,182.0,5000.0,8.0,2.0,,,2.57,254.42,,
B09J38P7CZ,2024.0,128.0,spc,5.0,lcd,48.99,48.99,800.0,32.0,,62.0,4.0,1.9,108.0,320.0,240.0
B09J4YTH9N,2022.0,128.0,oukitel,6.52,lcd,199.0,199.0,10000.0,8.0,,17.0,3.6,1.59,610.0,,
B0DG2YHSLL,2025.0,128.0,oukitel,6.52,lcd,89.99,119.99,4300.0,16.0,,291.0,4.3,2.57,254.42,576.0,1280.0
B0CNSX68K8,2024.0,128.0,samsung,6.67,lcd,206.75,206.75,5000.0,6.0,2.4,,,2.57,254.42,1080.0,2400.0
B08X7C6SLQ,2018.0,256.0,oneplus,6.7,lcd,860.81,860.81,4500.0,8.0,2.84,4385.0,4.3,0.87,197.0,3168.0,1440.0
B0BZJM3742,2024.0,128.0,google,6.1,amoled,290.61,290.61,5000.0,8.0,,,,2.57,254.42,1080.0,2400.0
B0CTHYFH35,2024.0,512.0,xiaomi,6.67,amoled,399.99,629.9,5000.0,12.0,,540.0,4.4,2.57,254.42,3200.0,1440.0
B0CPXXKH23,2024.0,256.0,xiaomi,6.67,amoled,199.99,199.99,5000.0,8.0,2.2,449.0,4.2,0.79,500.0,2400.0,1080.0
B0B5T56H95,2024.0,128.0,goshyda,5.5,lcd,62.51,62.51,3200.0,1.0,,,,2.57,254.42,,
B0D6GM4VQ6,2024.0,256.0,doogee,6.58,lcd,239.99,199.99,5150.0,8.0,1.6,91.0,4.3,1.1,450.0,1080.0,2340.0
B0B8NTFRQT,2024.0,128.0,elprico,4.66,lcd,57.97,57.97,3000.0,8.0,,2.0,1.0,2.57,254.42,,
B0DHH2RS9K,2024.0,64.0,spc,2.8,lcd,59.99,69.9,3000.0,1.0,1.0,,,2.57,254.42,,
B0D5HDXPP6,2024.0,256.0,oukitel,6.8,lcd,189.99,199.99,5150.0,24.0,2.2,286.0,4.2,2.57,254.42,1824.0,3996.0
B0CJCHLJ1C,2024.0,128.0,volfen,2.8,led,29.99,29.99,800.0,32.0,1.3,4.0,4.5,8.21,368.0,320.0,240.0
B0CXPW466P,2024.0,128.0,xiaomi,6.71,lcd,86.0,94.0,5000.0,4.0,2.2,51.0,3.9,2.57,254.42,1650.0,720.0
B0BYMP9KZP,2024.0,128.0,samsung,6.6,amoled,215.0,235.0,5000.0,6.0,2.0,,,2.57,254.42,1080.0,2340.0
B0CBPSB8NW,2023.0,128.0,ulefone,6.52,lcd,149.99,169.99,6300.0,10.0,5.0,115.0,4.2,1.35,770.0,1920.0,1080.0
B0D4SSH1FX,2024.0,128.0,xiaomi,6.79,lcd,149.99,199.99,33.0,6.0,1e-09,140.0,4.3,3.7,380.0,2220.0,1080.0
B0D1KJX9S3,2024.0,128.0,blackview,4.3,lcd,169.99,169.99,5000.0,12.0,2.0,,,2.57,254.42,,
B0CH9YRDCC,2024.0,128.0,oppo,6.7,oled,169.0,199.99,5000.0,6.0,2.0,299.0,4.5,0.8,192.0,1920.0,1080.0
B0CZDDP7QF,2023.0,256.0,oneplus,6.7,amoled,324.97,199.99,2500.0,8.0,,45.0,4.0,2.57,254.42,,
B0CR3YMJWG,2024.0,256.0,xiaomi,0.39,amoled,229.99,499.99,5000.0,8.0,,647.0,4.4,6.0,190.0,1080.0,2400.0
B0D5YN35XL,2024.0,256.0,doogee,6.56,lcd,149.99,209.99,5150.0,16.0,,23.0,4.4,1.07,240.0,1080.0,2280.0
B0CNQ7VJ6H,2024.0,256.0,samsung,6.7,lcd,1459.0,549.0,5000.0,12.0,,804.0,4.8,2.57,254.42,3840.0,2160.0
B09M3W36MN,2021.0,256.0,samsung,6.4,amoled,368.5,13.99,4500.0,6.0,,464.0,4.5,0.79,177.0,2340.0,1080.0
B0CMQQN97D,2024.0,128.0,ttfone,1.8,lcd,25.99,99.99,800.0,32.0,,,,2.57,254.42,,
B0CMGRFD4Y,2024.0,128.0,oukitel,2.36,lcd,118.99,145.99,6300.0,12.0,1.6,1174.0,4.2,1.54,600.0,720.0,1440.0
B0CQLPRTFN,2024.0,256.0,xiaomi,6.67,amoled,189.0,199.99,5000.0,8.0,2.2,242.0,4.4,0.79,500.0,1080.0,2400.0
B0CQRBM82X,2024.0,128.0,realme,6.72,lcd,119.42,199.99,5000.0,6.0,2.8,535.0,4.4,0.76,500.0,1080.0,2400.0
B0BFDC8S2N,2024.0,128.0,ciciglow,2.5,lcd,94.68,94.68,5000.0,8.0,,2.0,2.5,2.57,254.42,,
B0D6GM1GJD,2024.0,128.0,qrzrq,5.0,lcd,57.99,59.99,3000.0,1.0,,,,2.57,254.42,720.0,1280.0
B0CW6M11F5,2024.0,128.0,motorola,6.5,lcd,140.26,140.26,5000.0,4.0,,,,2.57,254.42,1600.0,900.0
B0CMJGC9HP,2024.0,256.0,xiaomi,6.67,amoled,229.9,229.9,5000.0,8.0,2.2,903.0,4.3,2.57,254.42,2400.0,1080.0
B0D4M17HS6,2024.0,128.0,msmga,5.0,lcd,56.99,59.99,3000.0,1.0,,72.0,3.5,2.57,254.42,,
B0DJ33DQC2,2024.0,256.0,xiaomi,6.67,amoled,417.0,485.76,5000.0,12.0,,,,2.57,254.42,,
B0CTHYMB3H,2024.0,256.0,realme,6.7,amoled,249.0,10.0,5000.0,8.0,,,,2.57,254.42,1600.0,900.0
B0CZXTB5M6,2024.0,128.0,realme,6.4,amoled,233.32,233.32,5000.0,6.0,2.2,,,2.57,254.42,1440.0,720.0
B0D8QCWYC5,2024.0,256.0,doogee,6.58,amoled,179.99,189.99,10800.0,8.0,,52.0,4.5,1.79,630.0,1920.0,1080.0
B0DF53WQ2P,2024.0,128.0,suaat,10.0,lcd,89.66,115.99,5000.0,20.0,,,,2.57,254.42,,
B0DK3KZY9C,2024.0,128.0,ulefone,6.56,lcd,79.99,89.99,5000.0,6.0,,91.0,4.0,0.87,490.0,1280.0,720.0
B0DM957RN4,2024.0,128.0,zte,5.0,lcd,69.0,199.99,5000.0,2.0,9e-08,5.0,3.6,8.5,200.0,1280.0,720.0
B0B1PV8Z1C,2024.0,64.0,ulefone,6.1,lcd,99.99,146.99,5000.0,3.0,2.0,,,2.57,254.42,720.0,1560.0
B0CBDV7J57,2024.0,128.0,ulefone,6.52,amoled,139.99,199.99,4400.0,4.0,1.6,208.0,4.0,0.87,184.0,1280.0,720.0
B0C818XP65,2023.0,256.0,cubot,6.58,lcd,229.99,199.99,10600.0,24.0,2.2,342.0,4.0,1.77,390.0,1920.0,1080.0
B0D3858PHQ,2024.0,256.0,xiaomi,6.67,amoled,429.0,429.0,5000.0,12.0,2e-09,7.0,3.4,2.57,254.42,,
B0CN13CLQF,2024.0,128.0,doogee,5.5,lcd,116.0,159.99,6300.0,8.0,1.6,203.0,4.0,1.6,262.0,1280.0,720.0
B0D1BN9LSB,2022.0,256.0,blackview,6.7,amoled,349.99,199.99,15080.0,12.0,2.2,56.0,3.9,2.28,516.0,1080.0,1920.0
B0DMCZGN9M,2024.0,256.0,blackview,6.67,amoled,239.99,329.99,5000.0,24.0,2.0,5.0,5.0,0.87,200.0,,
B0DKTJ22QN,2024.0,128.0,samsung,6.7,amoled,147.17,170.0,4200.0,4.0,,98.0,4.4,0.79,200.0,1080.0,2400.0
B0CDGH35BB,2024.0,256.0,xiaomi,6.67,lcd,174.89,199.99,5000.0,8.0,,405.0,4.4,0.82,198.5,,
B0CYT838NX,2024.0,128.0,tcl,6.56,lcd,144.99,179.99,5000.0,8.0,,6.0,3.6,0.83,190.0,,
B0DC742WFC,2024.0,128.0,nokia,2.4,lcd,110.33,199.99,5000.0,32.0,,5.0,4.7,1.1,87.0,320.0,240.0
B0CR1C119B,2024.0,256.0,xiaomi,6.67,amoled,169.95,241.43,5000.0,8.0,,165.0,4.5,0.8,179.0,1080.0,2400.0
B0DFPYNS1Y,2024.0,64.0,oukitel,6.6,lcd,99.99,199.99,4300.0,8.0,,140.0,4.4,2.57,254.42,720.0,1600.0
B0D8134JH8,2024.0,128.0,samsung,6.6,amoled,209.5,230.51,6000.0,6.0,2.4,1639.0,4.1,0.9,222.0,1080.0,2340.0
B0CTHTJNKB,2024.0,128.0,motorola,6.6,lcd,126.99,199.99,5000.0,4.0,2.0,14.0,4.1,0.8,380.0,2400.0,1080.0
B09C5VPH9B,2024.0,128.0,ciciglow,4.66,lcd,44.32,44.32,3000.0,4.0,,,,2.57,254.42,,
B0BQRS2HZ7,2024.0,256.0,samsung,6.67,amoled,681.49,199.99,5000.0,8.0,,467.0,4.6,2.57,254.42,,
B0CFV31YBL,2023.0,128.0,oukitel,6.56,lcd,109.99,119.99,5150.0,12.0,,1813.0,4.1,0.92,199.0,720.0,1600.0
B0CNQ6Z5VC,2024.0,256.0,samsung,6.2,amoled,799.0,969.0,5000.0,8.0,,,,2.57,254.42,,
B0DN5YTHZ9,2024.0,256.0,ulefone,6.78,lcd,149.99,149.99,5000.0,12.0,,15.0,4.0,0.88,350.0,,
B0DNN24TM3,2024.0,256.0,doogee,6.56,lcd,199.99,279.99,5000.0,20.0,1.6,,,2.57,254.42,720.0,1612.0
B0BLYSJHG3,2024.0,256.0,oscal,6.67,amoled,229.99,229.99,5000.0,18.0,1.8,,,2.57,254.42,,
B0CNKT21Z5,2024.0,256.0,samsung,6.5,lcd,169.99,182.07,5000.0,8.0,2.0,951.0,4.4,2.0,200.0,1600.0,720.0
B0CW15T72S,2024.0,128.0,blackview,6.75,lcd,119.99,199.99,18.0,16.0,2.0,78.0,4.2,2.57,254.42,,
B0DNYZS9DV,2024.0,256.0,xiaomi,6.88,lcd,139.99,155.0,5160.0,128.0,8.0,21.0,4.7,2.57,254.42,1640.0,720.0
B0DKB8V6WS,2024.0,64.0,blackview,6.56,amoled,99.99,99.99,5000.0,2.0,1.6,16.0,4.3,0.87,193.0,720.0,1612.0
B0DCHY2N3P,2024.0,256.0,blackview,6.7,amoled,280.49,329.99,15080.0,8.0,2.2,21.0,4.2,2.28,516.0,1080.0,2388.0
B0CSMR9M9P,2024.0,256.0,honor,6.7,oled,179.0,199.99,4500.0,8.0,2.4,4.0,3.0,2.57,254.42,1080.0,2400.0
B0D5RDYHSZ,2024.0,64.0,motorola,6.56,lcd,75.9,75.9,5000.0,2.0,1.2,254.0,4.3,0.8,180.0,,
B0CVX5D7HH,2024.0,128.0,ulefone,5.45,lcd,149.99,169.99,6320.0,6.0,2.2,254.0,4.0,1.3,300.0,720.0,1440.0
B0968BDKF2,2024.0,128.0,panasonic,2.4,led,44.95,49.99,1400.0,1.0,1e-09,873.0,3.8,1.18,102.0,1280.0,720.0
B0CJYH75VB,2025.0,256.0,doogee,4.5,lcd,169.99,209.99,3000.0,15.0,2.2,63.0,4.1,2.57,254.42,,
B0D943P449,2024.0,256.0,doogee,6.58,amoled,229.99,229.99,10800.0,20.0,,53.0,4.0,2.57,254.42,2000.0,1125.0
B0DLN82WFD,2025.0,256.0,blackview,6.67,lcd,170.99,209.99,5000.0,24.0,,107.0,4.4,2.57,254.42,,
B0DRBWS1KW,2025.0,256.0,xiaomi,6.67,amoled,336.33,479.0,5110.0,8.0,2.5,9.0,4.0,0.88,210.0,2712.0,1220.0
B0BWYVX9LY,2024.0,128.0,oneplus,0.39,lcd,189.0,9.0,5000.0,8.0,2.2,653.0,4.5,28.0,195.0,,
B0DP61TSMT,2024.0,512.0,doogee,6.6,amoled,279.99,279.99,5000.0,8.0,,,,2.57,254.42,,
B0C7C1VVG6,2023.0,256.0,ulefone,6.58,lcd,269.99,499.99,9600.0,16.0,2.2,94.0,4.0,2.57,254.42,1920.0,1080.0
B0BCKXGDGR,2024.0,128.0,tcl,2.4,lcd,89.99,89.99,5000.0,4.0,,13.0,3.7,28.0,143.0,,
B0DFPZGYV3,2024.0,64.0,oukitel,6.6,lcd,99.99,199.99,4300.0,8.0,,140.0,4.4,2.57,254.42,720.0,1600.0
B0CNR4SN1Q,2024.0,256.0,xiaomi,6.74,amoled,131.99,147.52,4999.0,8.0,,1486.0,4.4,2.57,254.42,,
B0DPXMMZ84,2024.0,1024.0,samsung,6.7,lcd,1819.0,1819.0,5000.0,12.0,,,,2.57,254.42,,
B0BVZ65S6Y,2024.0,128.0,xiaomi,6.71,lcd,82.0,199.99,5000.0,4.0,2.0,3708.0,4.2,0.88,192.0,,
B0CY2QDX4C,2024.0,256.0,doogee,6.56,lcd,89.99,129.99,5150.0,9.0,1.6,213.0,3.8,0.86,186.0,720.0,1080.0
B0CQQ18GQ2,2024.0,256.0,xiaomi,6.67,amoled,279.99,18.81,5000.0,8.0,3.0,587.0,4.6,0.85,530.0,2400.0,1080.0
B0CTJ14LYK,2024.0,256.0,xiaomi,6.67,amoled,339.99,449.9,5000.0,8.0,,540.0,4.4,2.57,254.42,720.0,1440.0
B0B8ZKF6B6,2024.0,128.0,ciciglow,4.66,lcd,49.38,49.38,2200.0,4.0,,,,2.57,254.42,,
B0DH243L65,2024.0,128.0,xiaomi,6.88,lcd,95.29,121.96,5000.0,4.0,120.0,253.0,4.4,0.82,204.0,,
B0DGXZNN2F,2024.0,256.0,tcl,6.8,lcd,199.99,219.99,5010.0,16.0,,42.0,4.0,0.9,192.0,1920.0,1080.0
B0BT8HFMPX,2024.0,128.0,xiaomi,6.67,amoled,245.0,256.23,5000.0,6.0,2.4,1822.0,4.8,28.0,500.0,1080.0,2400.0
B0C7H73JP2,2024.0,128.0,trevi,1.77,lcd,28.5,29.9,1400.0,1.0,,9.0,4.0,1.35,240.0,,
B0CZP3861L,2024.0,256.0,,6.67,amoled,279.0,499.99,5000.0,8.0,,4.0,4.0,0.76,179.9,,
B0CY55HJNM,2024.0,128.0,doogee,6.56,lcd,89.99,129.99,5150.0,9.0,1.6,58.0,3.9,0.86,186.0,720.0,1080.0
B0DG2Y8PXJ,2025.0,128.0,oukitel,6.52,lcd,85.49,119.99,4300.0,16.0,1.6,291.0,4.3,2.57,254.42,1280.0,720.0
B0D541RFGR,2024.0,128.0,cmf by nothing,6.67,superamoled,216.48,239.0,5000.0,8.0,2.6,962.0,4.5,0.82,197.0,1080.0,2400.0
B09MJRW2ZM,2024.0,256.0,apple,6.1,xdr,446.29,499.99,2815.0,12.0,,83.0,3.5,2.57,254.42,,
B0DB7HKTMJ,2023.0,256.0,xiaomi,6.67,amoled,189.0,207.66,5000.0,8.0,2.4,12715.0,4.7,2.57,254.42,,
B08Z5ZX1XC,2024.0,128.0,goshyda,5.45,hd,123.38,159.99,2200.0,1.0,1.3,5.0,3.6,2.57,254.42,460.0,960.0
B0BGLC9F3G,2021.0,128.0,ulefone,6.52,amoled,99.99,199.99,4500.0,3.0,2.0,134.0,3.8,5.5,189.0,720.0,1600.0
B0B576W915,2024.0,128.0,elprico,5.45,lcd,56.99,56.99,3000.0,32.0,,6.0,2.8,2.57,254.42,,
B0CG2G37LR,2024.0,128.0,xiaomi,6.58,fhd+,181.06,181.06,5000.0,4.0,,106.0,4.1,2.57,254.42,1920.0,1080.0
B0DL93KNRY,2024.0,128.0,xiaomi,6.56,lcd,105.91,120.0,18.0,8.0,,118.0,4.5,0.82,200.0,720.0,1640.0
B0CR16WJH9,2024.0,256.0,xiaomi,6.67,amoled,303.43,499.99,5000.0,12.0,2.5,756.0,4.5,0.82,190.0,,
B0CSFVHB5V,2024.0,256.0,xiaomi,6.67,amoled,258.0,278.99,5000.0,8.0,2.4,7.0,4.2,2.57,254.42,1080.0,2400.0
B0CLLX5B1N,2024.0,128.0,xiaomi,6.67,amoled,182.11,499.99,5000.0,6.0,2.0,4232.0,4.2,2.57,254.42,1080.0,2400.0
B0DHZ6LBT8,2024.0,128.0,realme,6.74,lcd,79.99,86.99,5000.0,3.0,1.8,35.0,3.9,0.76,360.0,1080.0,2400.0
B0CNTNT6P8,2024.0,128.0,doogee,5.5,lcd,109.98,149.99,6300.0,8.0,,20.0,4.0,1.62,390.0,720.0,1440.0
B0DKDT5XMD,2024.0,256.0,oppo,6.67,lcd,209.0,499.99,5000.0,8.0,,5.0,4.8,2.57,254.42,1920.0,1080.0
B0B8ZN665H,2024.0,128.0,ciciglow,5.0,lcd,49.43,49.43,3000.0,4.0,,,,2.57,254.42,,
B0D5R9QNJH,2024.0,512.0,xiaomi,6.67,amoled,629.99,899.0,5000.0,12.0,3.4,,,2.57,254.42,2712.0,1220.0
B0D6GQTRTS,2024.0,256.0,doogee,6.56,lcd,169.99,239.99,5150.0,2.0,,91.0,4.3,1.1,450.0,,
B0DPQPR6B4,2025.0,256.0,oukitel,6.7,amoled,260.0,329.99,5150.0,24.0,2.2,19.0,4.8,0.82,454.0,2412.0,1080.0
B0CVQBNH2D,2024.0,256.0,samsung,6.5,amoled,399.0,529.0,5000.0,6.0,,,,2.57,254.42,1080.0,2400.0
B0CMGM6642,2024.0,128.0,oukitel,2.36,lcd,118.99,149.99,6300.0,12.0,1.6,1174.0,4.2,1.54,590.0,1440.0,720.0
B0CDGQ7BX8,2024.0,128.0,wrtogo,5.0,lcd,56.99,56.99,3000.0,1.0,1.3,,,2.57,254.42,,
B0DN159HMH,2025.0,256.0,oukitel,6.56,lcd,169.99,549.0,5150.0,24.0,,59.0,4.9,2.57,254.42,720.0,1600.0
B0CXJBCY77,2024.0,256.0,google,6.1,amoled,449.0,609.0,4404.0,8.0,,949.0,4.2,0.89,187.0,1080.0,2400.0
B0DQDD94KN,2024.0,128.0,oppo,6.67,lcd,129.99,149.0,5100.0,4.0,,3.0,4.6,2.57,254.42,,
B0B5QJT9PK,2024.0,256.0,xiaomi,6.55,amoled,184.99,239.09,67.0,8.0,2.4,271.0,4.3,2.57,254.42,1080.0,2400.0
B0C5DG43KX,2024.0,512.0,xiaomi,6.43,amoled,142.0,142.0,1500.0,8.0,2.05,676.0,4.4,2.57,254.42,2400.0,1080.0
B0D2L42BX9,2024.0,256.0,realme,6.78,amoled,429.0,549.99,5500.0,8.0,,478.0,4.4,2.57,254.42,,
B0BVZQVHDJ,2018.0,128.0,motorola,6.5,lcd,145.99,549.0,5000.0,8.0,2.0,77.0,4.1,2.57,254.42,1600.0,720.0
B0DK4Q5BCF,2024.0,128.0,blackview,6.56,amoled,159.99,199.99,5180.0,12.0,1.6,7.0,5.0,1.35,285.0,720.0,1612.0
B0BS1LS9M3,2020.0,64.0,samsung,6.5,amoled,72.89,72.89,5000.0,4.0,2.3,6.0,4.6,2.57,254.42,720.0,1600.0
B0CN12NG6D,2024.0,128.0,samsung,6.7,lcd,135.0,135.0,5000.0,4.0,,170.0,4.4,0.88,195.0,1920.0,1080.0
B0CQHTLPFC,2024.0,256.0,xiaomi,6.67,lcd,152.06,152.06,5000.0,8.0,2.4,,,2.57,254.42,,
B0BCFY1QL5,2024.0,128.0,xiaomi,6.55,lcd,168.0,221.53,5000.0,8.0,,,,2.57,254.42,,
B0D2HBMW85,2024.0,128.0,oukitel,6.8,lcd,126.99,199.99,5150.0,18.0,1.6,1398.0,4.4,0.94,209.0,720.0,1600.0
B0CQ88L871,2024.0,256.0,nothing,6.7,amoled,347.62,379.0,5000.0,12.0,2.8,1392.0,4.4,0.85,190.0,1084.0,2412.0
B0D7TY4JNF,2024.0,128.0,google,6.3,amoled,849.0,1099.0,4650.0,12.0,3.0,245.0,4.3,0.86,190.0,1080.0,1920.0
B09YVLRX8D,2024.0,800.0,spc,1.8,led,18.98,21.9,800.0,32.0,,252.0,3.9,1.4,74.0,,
B0D266YCVL,2024.0,256.0,oppo,6.67,lcd,155.0,199.0,5000.0,8.0,19.2,,,2.57,254.42,1604.0,720.0
B0DCNRR93M,2025.0,256.0,doogee,6.56,lcd,229.98,289.99,15500.0,8.0,,113.0,4.4,6.0,430.0,,
B0D2RQ8R19,2024.0,128.0,motorola,6.56,lcd,89.0,129.0,5000.0,4.0,1.4,135.0,4.3,0.8,181.0,1280.0,720.0
B0DFGM3WL2,2024.0,128.0,oppo,6.56,lcd,115.0,115.0,3600.0,4.0,2.0,19.0,4.3,0.77,190.0,720.0,1600.0
B0DCYV2B1R,2024.0,256.0,blackview,6.7,lcd,279.99,329.99,5000.0,8.0,,16.0,3.5,2.57,254.42,,
B0B8Z8PDKF,2024.0,64.0,zunate,4.66,lcd,59.4,59.4,2800.0,1.0,,,,2.57,254.42,,
B0CQYMCG9R,2024.0,256.0,xiaomi,6.67,lcd,199.61,205.0,5000.0,12.0,,,,2.57,254.42,,
B0D8LH33XB,2024.0,256.0,oneplus,6.74,amoled,449.0,499.0,5500.0,12.0,2.0,237.0,4.4,0.8,199.5,1080.0,2400.0
B0DLK16YL7,2023.0,128.0,ulefone,6.56,lcd,75.99,89.99,5000.0,3.0,,32.0,4.0,2.57,254.42,720.0,1612.0
B0DCP4BDMM,2024.0,512.0,cubot,6.58,lcd,319.99,199.99,10600.0,24.0,,63.0,4.4,2.57,254.42,1080.0,2408.0
B0CQ8CN28H,2024.0,256.0,nothing,6.7,amoled,379.0,379.0,5000.0,12.0,2.8,1392.0,4.4,0.85,190.0,1084.0,2412.0
B0CD3LF5JW,2023.0,128.0,blackview,6.1,lcd,125.99,199.99,6580.0,4.0,,80.0,4.2,1.5,270.0,720.0,1560.0
B0BQRRTDZV,2024.0,256.0,samsung,6.6,amoled,699.99,699.99,4700.0,12.0,,130.0,4.6,2.57,254.42,,
B0D9P5XJHM,2024.0,256.0,oukitel,6.6,lcd,199.99,199.99,6500.0,16.0,2.2,25.0,4.1,1.24,285.0,720.0,1600.0
B0CP187PNW,2024.0,256.0,xiaomi,6.74,lcd,134.66,140.0,5000.0,8.0,2.0,,,2.57,254.42,,
B0DJ33BZFJ,2024.0,256.0,xiaomi,6.67,amoled,408.0,462.0,5000.0,12.0,,43.0,4.0,2.57,254.42,1080.0,2400.0
B0DH22T9X3,2024.0,128.0,xiaomi,6.88,lcd,86.68,105.94,5000.0,4.0,,50.0,4.4,2.57,254.42,1600.0,720.0
B0CD1M3DSD,2024.0,256.0,oukitel,6.52,amoled,148.99,199.99,10600.0,15.0,,198.0,3.9,2.57,254.42,1920.0,1080.0
B0CX272D4J,2024.0,256.0,realme,6.72,amoled,229.0,229.0,5000.0,8.0,2.2,,,2.57,254.42,1080.0,2400.0
B0DHRYY5XJ,2024.0,256.0,oukitel,6.7,hd+,129.99,329.99,5150.0,24.0,1.6,132.0,4.6,0.87,440.0,720.0,1604.0
B0CBRS5D4K,2024.0,128.0,umidigi,6.7,lcd,179.99,179.99,5000.0,8.0,1.6,,,2.57,254.42,1920.0,1080.0
B0CJ9QCV68,2024.0,256.0,xiaomi,6.56,lcd,149.99,169.99,5000.0,16.0,2.0,730.0,4.4,2.57,254.42,1600.0,720.0
B0C4DRRN86,2024.0,128.0,mcmgc,5.0,lcd,58.34,199.99,3000.0,1.0,2.1,120.0,2.8,2.57,254.42,720.0,1280.0
B0DFMG5W1B,2024.0,256.0,oppo,6.7,amoled,149.99,199.99,5000.0,8.0,2.4,95.0,3.9,0.77,25.0,1080.0,2400.0
B0DLGVSDL8,2024.0,256.0,xiaomi,6.67,amoled,249.9,299.9,5110.0,8.0,,253.0,4.3,2.57,254.42,1500.0,750.0
B0CLLW4Q5K,2024.0,256.0,xiaomi,6.67,amoled,379.21,399.0,5000.0,8.0,2.2,1956.0,4.2,2.57,254.42,2400.0,1080.0
B09WMQZMMW,2022.0,256.0,doogee,6.3,amoled,368.99,199.99,6000.0,8.0,2.1,203.0,3.9,1.55,320.0,1080.0,2340.0
B0CYGJJHFW,2024.0,128.0,wrtogo,5.0,lcd,57.99,59.99,3000.0,1.0,,158.0,3.1,2.57,254.42,1280.0,720.0
B0CPT9XDS7,2024.0,256.0,xiaomi,6.67,amoled,162.27,199.99,5000.0,8.0,,1301.0,4.3,0.8,188.5,1080.0,2400.0
B0CSGBN5X8,2024.0,256.0,xiaomi,6.67,amoled,169.99,11.99,5000.0,8.0,2.4,1631.0,4.3,0.8,188.5,,
B0DM5J2TP1,2024.0,128.0,oukitel,6.52,lcd,139.99,329.99,10600.0,8.0,,4.0,3.5,2.57,254.42,1080.0,1920.0
B0CR13BPBT,2024.0,256.0,poco,6.67,amoled,296.76,199.99,5000.0,8.0,3.0,474.0,4.5,2.57,254.42,1080.0,2400.0
B0CMX7TTGW,2024.0,128.0,doogee,6.56,lcd,89.99,199.99,4200.0,20.0,,16.0,3.1,2.57,254.42,,
B0DB82T9RS,2024.0,512.0,doogee,6.78,lcd,499.99,199.99,8680.0,36.0,,36.0,4.7,1.63,383.0,1080.0,2160.0
B0D4831B2N,2024.0,512.0,jcb,2.8,lcd,119.99,119.99,5000.0,4.0,1.3,,,2.57,254.42,,
B09MJV1MZG,2018.0,256.0,apple,6.1,xdr,379.5,549.0,2815.0,8.0,,1235.0,3.5,2.57,254.42,,
B0CVQ86VDB,2024.0,256.0,samsung,6.67,amoled,368.0,472.31,5000.0,8.0,,510.0,4.2,2.57,254.42,1080.0,2400.0
B0CDWGXHGC,2024.0,128.0,dauz,6.56,lcd,87.52,87.52,5000.0,4.0,,,,2.57,254.42,,
B0CTKQS5XY,2024.0,128.0,tcl,3.2,lcd,46.99,49.99,3000.0,1.0,1e-09,65.0,4.0,2.57,254.42,1280.0,720.0
B0CYYFJL9D,2024.0,256.0,zte,6.56,lcd,104.78,7.22,5000.0,6.0,,,,2.57,254.42,1280.0,720.0
B0DBZJYD2T,2024.0,256.0,doogee,6.72,amoled,299.99,379.99,5000.0,32.0,2.6,,,2.57,254.42,2400.0,1080.0
B0C8SG5ND3,2024.0,256.0,ulefone,6.52,amoled,179.99,89.99,4400.0,8.0,,90.0,4.1,0.87,184.0,720.0,1600.0
B0D5R7K46S,2024.0,256.0,xiaomi,6.67,amoled,499.99,649.0,5000.0,12.0,3.0,,,2.57,254.42,2400.0,1080.0
B0CZ3YSRV9,2024.0,128.0,el,6.52,lcd,98.99,98.99,4500.0,4.0,1.6,37.0,3.9,0.92,180.0,,
B0DP97TFKX,2024.0,128.0,xiaomi,6.88,lcd,134.9,145.0,5160.0,8.0,2.0,5.0,4.7,2.57,254.42,720.0,1640.0
B0D8TCDJ97,2024.0,256.0,oukitel,6.52,lcd,149.99,199.99,5000.0,24.0,1.6,,,2.57,254.42,1520.0,720.0
B0DHZ437M8,2024.0,256.0,vivo,6.67,amoled,299.0,199.99,5000.0,8.0,,123.0,4.2,0.79,190.0,1080.0,2400.0
B0D5DF24YP,2024.0,256.0,oppo,6.7,amoled,283.83,199.99,3600.0,24.0,2.0,96.0,4.3,0.75,178.0,2400.0,1080.0
B0CTHYTJGP,2024.0,256.0,xiaomi,6.67,amoled,556.71,579.9,5000.0,12.0,,540.0,4.4,2.57,254.42,3200.0,1440.0
B0C32PFLF8,2024.0,128.0,xiaomi,6.56,lcd,105.89,120.0,18.0,8.0,,118.0,4.5,0.82,200.0,720.0,1640.0
B0DHDRPRDC,2024.0,64.0,spc,2.8,lcd,59.99,69.9,1600.0,1.0,1.0,7.0,4.2,2.57,254.42,,
B0CVQL3L2K,2024.0,256.0,samsung,6.67,amoled,378.98,378.98,5000.0,8.0,,1011.0,4.3,0.82,210.0,1080.0,2340.0
B0DCC1GLZZ,2024.0,256.0,oppo,6.7,lcd,1579.0,549.0,5100.0,8.0,2.4,66.0,3.5,0.77,186.0,,
B0CG91MG51,2024.0,256.0,cubot,6.52,lcd,189.99,199.99,10600.0,12.0,2.3,224.0,3.9,2.57,254.42,,
B0CWTPTF51,2024.0,256.0,oukitel,6.52,lcd,156.99,189.99,10500.0,16.0,,381.0,4.4,1.91,393.0,720.0,1600.0
B0D2HBDDYH,2024.0,128.0,oukitel,6.8,lcd,129.99,239.99,5150.0,18.0,1.6,1398.0,4.4,0.94,209.0,720.0,1600.0
B0CN3GWSP4,2024.0,256.0,samsung,6.5,superamoled,249.0,369.0,4500.0,8.0,,110.0,4.3,2.57,254.42,2400.0,1080.0
B0D8LJ2MZM,2024.0,256.0,oneplus,6.74,oled,384.58,199.99,5500.0,16.0,3.0,237.0,4.4,0.8,199.5,,
B0DL2DC5Z6,2024.0,256.0,realme,6.67,lcd,259.0,270.33,5000.0,12.0,2.6,3.0,5.0,2.57,254.42,1080.0,2400.0
B0CKLT46MV,2024.0,128.0,motorola,6.5,lcd,119.9,5.29,5000.0,8.0,,526.0,4.2,0.8,175.0,,
B0CTMLV1PR,2024.0,128.0,hammer h,2.4,lcd,79.93,89.0,1200.0,4.0,,86.0,3.6,2.57,254.42,,
B0BVZ62V6Z,2024.0,256.0,xiaomi,6.71,led,179.0,499.99,5000.0,4.0,,965.0,4.4,0.88,192.0,1920.0,1080.0
B0CQRT4TSV,2024.0,128.0,spc,6.5,lcd,96.05,114.9,4500.0,4.0,,10.0,3.2,0.92,202.0,720.0,1600.0
B0CFTZLRJK,2023.0,128.0,oukitel,6.56,lcd,109.99,119.99,5150.0,12.0,1.6,1813.0,4.1,0.92,199.0,720.0,1600.0
B0DB81STNK,2023.0,256.0,xiaomi,6.67,amoled,199.9,199.9,5000.0,8.0,,7.0,3.5,2.57,254.42,1920.0,1080.0
B0DCNSYMQQ,2025.0,256.0,doogee,6.58,lcd,189.99,329.99,10800.0,16.0,,29.0,4.4,1.79,422.0,1080.0,2340.0
B0CPPFD4RL,2024.0,256.0,honor,6.67,amoled,217.55,399.9,5200.0,16.0,2.4,116.0,4.5,0.8,185.0,1080.0,2400.0
B0DBLX4FTT,2024.0,1024.0,umidigi,6.75,lcd,124.99,146.99,5000.0,4.0,1.6,406.0,4.2,0.79,189.0,1600.0,720.0
B0BPGH5LY8,2024.0,128.0,doogee,5.5,amoled,129.99,199.99,6300.0,6.0,2.0,33.0,3.8,1.62,262.0,720.0,1440.0
B0BQRVCR5S,2024.0,256.0,samsung,6.67,amoled,620.03,199.99,3900.0,8.0,,310.0,4.6,0.1,200.0,,
B0DBVDRNK5,2024.0,256.0,motorola,6.67,oled,234.8,234.8,5000.0,8.0,3.0,95.0,4.5,0.76,170.0,,
B0D7Q966MY,2024.0,64.0,fossibot,6.75,lcd,139.99,159.99,10300.0,12.0,9e-08,47.0,4.1,2.57,254.42,1080.0,2340.0
B0D8BRYV9D,2025.0,256.0,doogee,6.72,lcd,299.99,379.99,10100.0,8.0,,11.0,4.7,1.6,364.0,,
B0DFGKGGD5,2024.0,128.0,oppo,6.56,lcd,135.0,135.0,5100.0,6.0,2.1,23.0,4.2,0.77,250.0,1080.0,2400.0
B0CQRD4R7D,2024.0,128.0,realme,6.72,lcd,121.08,549.0,5000.0,6.0,2.4,535.0,4.4,0.76,500.0,1080.0,2400.0
B0DPHMWDZN,2024.0,256.0,xiaomi,6.67,oled,214.15,349.0,5000.0,8.0,120.0,11.0,3.2,2.57,254.42,,
B0D3FCTN4C,2024.0,256.0,xiaomi,6.67,amoled,309.0,443.3,5000.0,8.0,,211.0,4.1,0.78,179.0,2712.0,1220.0
B0DQ45564Y,2024.0,256.0,oppo,6.7,amoled,219.0,249.0,5000.0,8.0,,299.0,4.5,2.57,254.42,720.0,1560.0
B0CLQYJ42Z,2022.0,128.0,blackview,6.5,amoled,119.99,499.99,5180.0,4.0,2.0,69.0,4.1,0.9,184.0,720.0,1600.0
B0D5CWSQJD,2024.0,128.0,umidigi,6.75,lcd,127.49,149.99,5000.0,6.0,,377.0,4.0,0.79,390.0,720.0,1600.0
B0DBKLHQQJ,2024.0,128.0,jtqtj,5.0,lcd,57.99,199.99,3000.0,1.0,2.1,22.0,3.6,2.57,254.42,1280.0,720.0
B0CGHJDG1L,2024.0,128.0,lazmin112,3.0,lcd,99.11,199.99,5000.0,2.0,,2.0,4.5,2.57,254.42,480.0,320.0
B0C4T4N3Z3,2024.0,128.0,qubo,2.4,lcd,50.0,499.99,3000.0,32.0,,556.0,4.1,2.57,254.42,240.0,320.0
B0CW91V2LM,2024.0,256.0,blackview,6.75,lcd,199.99,159.99,6000.0,8.0,,47.0,4.5,1.5,300.0,720.0,1600.0
B0CYGF23T1,2024.0,128.0,wrtogo,5.0,lcd,57.99,59.99,3000.0,1.0,,158.0,3.1,2.57,254.42,720.0,1280.0
B0DF8331S3,2024.0,256.0,oppo,6.67,lcd,198.0,198.0,5100.0,8.0,2.4,439.0,4.4,0.77,200.0,1080.0,2400.0
B0DKP8CT9W,2024.0,128.0,xiaomi,6.67,amoled,239.9,239.9,5500.0,8.0,,197.0,4.4,2.57,254.42,,
B0D4CGL6ZF,2018.0,64.0,mtgud,5.0,lcd,59.34,549.0,3000.0,1.0,,58.0,3.3,2.57,254.42,480.0,854.0
B0B1VDGS1K,2024.0,64.0,samsung,6.6,lcd,152.0,11.0,5000.0,4.0,,5146.0,4.4,0.84,192.0,,
B0CNQ7J2WD,2024.0,256.0,samsung,6.3,lcd,1049.04,499.99,5000.0,12.0,,804.0,4.8,2.57,254.42,,
B0D53ZYFKG,2024.0,128.0,cmf by nothing,6.67,superamoled,216.48,239.0,5000.0,8.0,2.5,962.0,4.5,0.82,197.0,1080.0,2400.0
B08XBL4TS9,2024.0,256.0,sorandy,5.5,lcd,152.69,152.69,2200.0,1.0,,15.0,2.2,2.57,254.42,,
B097P17X3V,2024.0,256.0,honor,6.57,amoled,599.0,599.0,4300.0,6.0,2.4,169.0,4.4,7.78,175.0,,
B0D8TFQZRD,2024.0,128.0,oscal,6.52,lcd,89.99,239.99,4700.0,4.0,1.6,208.0,4.4,0.93,192.0,1280.0,720.0
B0BNJVY7NS,2024.0,800.0,alcatel,1.8,lcd,18.88,18.88,800.0,32.0,,167.0,4.2,2.57,254.42,,
B0DLN1CVRZ,2025.0,128.0,blackview,6.56,lcd,129.99,329.99,5000.0,12.0,,106.0,4.2,2.57,254.42,,
B0CC32DV6P,2023.0,128.0,motorola,6.5,lcd,136.4,136.4,5000.0,4.0,2.0,1127.0,4.3,0.8,177.2,1080.0,2400.0
B0D1GC8HPX,2024.0,128.0,honor,6.56,lcd,119.0,199.99,3600.0,4.0,,11.0,3.5,2.57,254.42,1080.0,2340.0
B0BYNS1RSX,2022.0,128.0,zokoe,2.5,lcd,49.99,59.99,3000.0,2.0,,238.0,3.2,1.11,54.0,240.0,400.0
B0CQ28QJNS,2024.0,256.0,cubot,6.52,lcd,189.99,199.99,10600.0,12.0,1.8,224.0,3.9,2.57,254.42,1600.0,720.0
B0CL4VX9CZ,2023.0,256.0,ulefone,6.78,lcd,295.99,369.99,22000.0,24.0,2.2,212.0,4.3,2.57,254.42,1920.0,1080.0
B0DFMDRP6T,2024.0,256.0,oppo,6.7,amoled,199.0,269.0,5000.0,8.0,2.4,95.0,3.9,0.77,370.0,1080.0,2400.0
B0CBL36NK4,2024.0,128.0,jectse,1.8,lcd,35.06,35.06,2400.0,16.0,,,,2.57,254.42,,
B0BCL14B2W,2022.0,256.0,samsung,6.5,amoled,154.0,154.0,5000.0,6.0,2.4,73.0,3.8,0.81,189.0,,
B0DGLLWPMM,2025.0,256.0,oukitel,6.56,ips,249.99,259.99,11000.0,24.0,2.0,74.0,4.5,1.53,670.0,720.0,1600.0
B0CNTQGNNM,2024.0,256.0,doogee,6.56,lcd,179.99,199.99,10800.0,8.0,,50.0,4.0,2.57,254.42,1280.0,720.0
B0C5D2T5R2,2024.0,128.0,xiaomi,6.43,amoled,129.0,136.0,5000.0,6.0,,273.0,4.4,6.0,40.0,,
B0B1PTV7ST,2024.0,64.0,ulefone,6.1,lcd,99.99,199.99,3300.0,3.0,2.0,99.0,3.7,0.85,153.0,,
B0CM45HWHC,2024.0,256.0,cubot,6.5,lcd,119.95,199.99,5200.0,12.0,,,,2.57,254.42,1440.0,720.0
B0DJDG6XGG,2024.0,256.0,meizu,6.78,lcd,145.9,146.99,5000.0,8.0,2.2,4.0,4.7,0.83,500.0,1920.0,1080.0
B0DPXMWQ7R,2024.0,512.0,samsung,6.7,lcd,1279.0,149.99,4900.0,12.0,,3.0,5.0,2.57,254.42,,
B09NRV6WZD,2021.0,256.0,samsung,6.8,lcd,689.68,749.99,3600.0,8.0,3.0,355.0,4.1,0.89,228.0,,
B0CNQ6KY5J,2024.0,256.0,samsung,6.2,amoled,799.0,969.0,5000.0,8.0,,250.0,4.2,2.57,254.42,,
B0DFWQWSSC,2024.0,256.0,xiaomi,6.88,lcd,179.9,199.99,5000.0,8.0,2.0,101.0,4.3,2.57,254.42,1640.0,720.0
B0D6GNS4KN,2025.0,128.0,doogee,6.56,lcd,119.99,159.99,5150.0,4.0,1.6,89.0,4.4,1.1,240.0,1080.0,2280.0
B0DJ1LK2MZ,2024.0,256.0,cxpmy,6.67,lcd,339.0,339.0,15080.0,12.0,,,,2.57,254.42,,
B0BZS77DBX,2024.0,256.0,xiaomi,6.67,amoled,210.0,499.99,1.0,8.0,2.0,1966.0,4.4,2.57,254.42,1080.0,2400.0
B0DJQJ23Q4,2025.0,128.0,blackview,6.56,lcd,79.99,99.99,4700.0,4.0,,47.0,4.5,2.57,254.42,,
B0DPFBNN38,2025.0,512.0,doogee,6.72,lcd,259.99,309.99,10200.0,24.0,,31.0,4.9,1.57,368.0,1080.0,2408.0
B0BSLKFY68,2024.0,64.0,motorola,6.5,lcd,99.99,119.0,5000.0,2.0,,409.0,4.0,28.0,179.0,1600.0,720.0
B0CK77GJYW,2022.0,256.0,motorola,6.67,amoled,177.99,1299.0,5000.0,8.0,2.0,214.0,4.4,0.8,180.0,1080.0,2400.0
B09W25BG2T,2024.0,64.0,ulefone,5.45,led,159.99,159.99,5000.0,4.0,2.0,181.0,4.1,1.46,256.0,720.0,1440.0
B0CQKD7NRS,2024.0,256.0,xiaomi,6.67,amoled,299.98,442.51,5100.0,12.0,,254.0,4.3,2.57,254.42,,
B0D7BNQS2T,2024.0,256.0,doogee,6.58,lcd,189.99,199.99,10800.0,6.0,,301.0,4.1,2.57,254.42,2400.0,1080.0
B0DJ114V4B,2024.0,256.0,samsung,6.7,amoled,170.0,176.99,5000.0,4.0,,60.0,4.7,0.79,200.0,2400.0,1080.0
B0D8Q8P4TQ,2024.0,128.0,vivo,6.56,lcd,149.0,149.0,5000.0,4.0,2.0,229.0,4.5,0.81,186.0,,
B0CXJDKQXR,2024.0,64.0,xiaomi,5.0,lcd,74.7,76.93,3600.0,3.0,2.2,263.0,4.2,2.57,254.42,1920.0,1080.0
B0DQY1C84Q,2025.0,128.0,ulefone,6.56,lcd,99.99,99.99,5000.0,8.0,,7.0,5.0,0.92,300.0,,
B0DM5QLHR2,2024.0,128.0,umidigi,6.75,lcd,84.99,99.99,5000.0,4.0,1.6,62.0,3.8,0.79,189.0,720.0,1600.0
B0CFGBKRMT,2024.0,128.0,dauz,6.6,lcd,87.49,87.49,5000.0,4.0,,,,2.57,254.42,,
B0CMM85B7J,2023.0,128.0,zokoe,4.0,lcd,119.99,499.99,2600.0,4.0,2.0,20.0,3.5,1.3,128.0,,
B0DM81D5J5,2024.0,128.0,xiaomi,6.88,lcd,136.0,156.0,5160.0,8.0,,2153.0,4.7,2.57,254.42,,
B0DFGG12MG,2024.0,128.0,oppo,6.7,lcd,139.0,199.99,5100.0,6.0,2.1,299.0,4.5,0.77,186.0,1600.0,720.0
B0DR8RHJ9T,2025.0,64.0,oscal,6.56,lcd,79.99,79.99,5000.0,4.0,,,,2.57,254.42,,
B0CYYD213D,2024.0,256.0,zte,6.56,lcd,111.86,1299.0,5000.0,6.0,,3.0,5.0,5.5,550.0,1280.0,720.0
B0CW363ZFV,2023.0,256.0,vivo,6.78,amoled,269.0,499.99,4600.0,8.0,,7.0,4.3,0.74,30.0,1080.0,2400.0
B0CX97HDL9,2024.0,128.0,,6.56,lcd,140.97,169.99,5010.0,8.0,,113.0,4.0,0.81,195.0,,
B0CZTSRXQP,2024.0,256.0,realme,6.7,amoled,220.79,499.99,5000.0,8.0,2.6,184.0,4.2,4.0,200.0,2400.0,1800.0
B0D63142NK,2024.0,64.0,hammer h,6.56,lcd,179.9,199.99,6500.0,4.0,,4.0,4.4,2.57,254.42,,
B0DPF7PXV4,2025.0,256.0,doogee,6.6,lcd,299.99,499.99,10800.0,8.0,,59.0,4.4,1.79,422.0,,
B09YHKB7DT,2022.0,128.0,ttfone,4.0,lcd,64.99,499.99,1400.0,1.0,,67.0,3.0,1.0,195.0,480.0,800.0
B0DNFJN16X,2024.0,256.0,realme,6.78,amoled,399.0,329.99,5000.0,8.0,2.91,4.0,5.0,0.87,500.0,2772.0,1284.0
B0C5ZNHJGC,2022.0,256.0,ulefone,6.58,amoled,329.99,199.99,9600.0,8.0,2.2,113.0,4.4,1.81,409.0,1080.0,2408.0
B0BTHHL5L4,2024.0,128.0,honor,6.7,amoled,268.99,268.99,4500.0,6.0,,167.0,4.5,28.0,179.0,,
B0BWNXRP3Q,2014.0,128.0,akozon,5.5,lcd,61.91,61.91,3000.0,4.0,,,,2.57,254.42,,
B0CZXTM9GB,2024.0,256.0,samsung,6.67,superamoled,379.0,499.0,5000.0,8.0,2.4,47.0,3.5,2.57,254.42,1080.0,2400.0
B0DD9TGXLF,2024.0,128.0,honor,6.56,lcd,99.9,199.99,4500.0,4.0,,18.0,4.3,2.57,254.42,3840.0,2160.0
B0DKWVTH6R,2024.0,512.0,asus,6.78,lcd,1299.99,1299.99,5800.0,16.0,4.3,6.0,4.6,0.89,228.0,2400.0,1080.0
B08QXMSX7K,2024.0,256.0,,6.67,superamoled,369.99,379.99,4000.0,8.0,,120.0,4.1,0.79,169.0,,
B0DPXNDX28,2024.0,256.0,samsung,6.7,lcd,1459.0,1459.0,5000.0,12.0,,21.0,4.1,2.57,254.42,,
B0B9Q19H2N,2024.0,128.0,xiaomi,40.55,lcd,169.0,217.66,5000.0,8.0,,,,2.57,254.42,,
B0DR8Q2TSB,2024.0,128.0,xiaomi,6.81,lcd,89.0,99.0,5160.0,4.0,2.0,3.0,3.9,2.57,254.42,720.0,1650.0
B0DLNDG3ZC,2025.0,128.0,blackview,6.56,lcd,129.99,129.99,5000.0,4.0,,106.0,4.2,2.57,254.42,,
B0DRD6HP66,2024.0,256.0,xiaomi,6.67,amoled,154.67,154.67,5500.0,6.0,,,,2.57,254.42,,
B0CKZ8FXP2,2023.0,128.0,cubot,6.58,ips,149.99,179.95,5200.0,8.0,2.0,194.0,3.6,1.0,217.0,2408.0,1080.0
B0DHZZ67HX,2024.0,256.0,samsung,6.7,amoled,168.99,178.49,4200.0,4.0,,105.0,4.5,0.79,200.0,1080.0,1920.0
B0CV4KL9HC,2024.0,128.0,,6.56,lcd,99.0,6.01,5000.0,4.0,,455.0,4.2,5.7,200.0,,
B0DBZJWRFY,2024.0,256.0,doogee,6.72,lcd,299.99,379.99,10100.0,20.0,,174.0,4.3,2.57,254.42,2400.0,1080.0
B0CVX7S16Z,2024.0,256.0,honor,6.78,amoled,217.0,499.99,5000.0,1.0,,25.0,3.6,2.57,254.42,1080.0,2400.0
B0BWNCMTT9,2024.0,256.0,samsung,6.6,superamoled,269.47,199.99,5000.0,8.0,,462.0,4.3,2.57,254.42,2220.0,1080.0
B09QH4B1Q5,2024.0,128.0,samsung,6.5,superamoled,189.99,499.99,5000.0,6.0,,4583.0,4.2,0.81,310.0,1920.0,1080.0
B0DG6LN2BH,2024.0,256.0,xiaomi,6.88,lcd,169.9,169.9,5160.0,8.0,,253.0,4.2,2.57,254.42,1080.0,2340.0
B0CR44V59M,2024.0,512.0,xiaomi,6.67,amoled,307.68,318.0,5000.0,12.0,2.3,,,2.57,254.42,,
B0D177B1DH,2024.0,256.0,doogee,6.52,lcd,89.99,239.99,19.0,12.0,1.6,306.0,3.9,0.91,193.0,720.0,1600.0
B0D6GKMW7R,2024.0,128.0,qrzrq,5.0,lcd,57.99,59.99,3000.0,1.0,,85.0,3.4,2.57,254.42,1280.0,720.0
B0CQ59K8F9,2023.0,256.0,samsung,6.5,amoled,175.73,499.99,5000.0,4.0,2.0,1290.0,4.4,1.0,163.0,1080.0,2400.0
B0CGJJZD1P,2023.0,128.0,xiaomi,6.79,lcd,119.0,132.95,5000.0,4.0,,78.0,3.9,2.57,254.42,1080.0,2400.0
B0CR17BMLT,2024.0,512.0,poco,6.67,amoled,296.73,342.0,5000.0,12.0,2.96,541.0,4.3,2.57,254.42,1080.0,2400.0
B0BJFBW7T5,2024.0,256.0,dpofirs,6.7,lcd,153.55,153.55,4000.0,8.0,,,,2.57,254.42,,
B0CPXYTPYC,2024.0,512.0,xiaomi,6.67,amoled,197.1,199.99,5000.0,12.0,2.2,449.0,4.2,2.57,254.42,2400.0,1080.0
B0D8QFSDNC,2024.0,256.0,doogee,6.58,lcd,179.99,249.99,10800.0,8.0,,52.0,4.5,1.79,630.0,1920.0,1080.0
B0CDRLC8D4,2024.0,128.0,heepdd,5.0,lcd,79.55,79.55,5000.0,4.0,,,,2.57,254.42,,
B0DKNKWT9B,2024.0,128.0,blackview,6.56,lcd,159.99,199.99,5180.0,12.0,,4.0,5.0,2.57,254.42,2340.0,1080.0
B0D47GS8PW,2024.0,256.0,oneplus,6.67,amoled,239.0,329.0,5110.0,8.0,,120.0,4.3,0.81,191.0,1080.0,2400.0
B0BYMPCWHN,2024.0,128.0,samsung,6.4,amoled,268.0,302.98,5000.0,8.0,2.4,,,2.57,254.42,1080.0,2400.0
B0DFGK5Q59,2024.0,256.0,oppo,6.56,lcd,150.0,150.0,5100.0,8.0,2.2,8.0,4.2,0.77,200.0,,
B0D6LDZTTM,2024.0,128.0,motorola,6.56,lcd,93.0,159.99,5000.0,8.0,2.3,32.0,4.2,0.8,500.0,1600.0,2560.0
B0D72XHQBG,2024.0,256.0,realme,6.78,amoled,599.99,599.99,5500.0,12.0,,478.0,4.4,2.57,254.42,,
B0D7TZX1CS,2024.0,256.0,google,6.3,amoled,749.0,999.0,4700.0,12.0,,343.0,4.5,0.85,190.0,,
B0DQ9MD1K5,2024.0,256.0,ulefone,6.56,amoled,319.99,329.99,6050.0,16.0,2.4,,,1.37,305.5,,
B0BW9S5XKZ,2024.0,256.0,xiaomi,6.55,amoled,389.99,451.74,1.0,1.0,,40.0,4.1,2.57,254.42,1920.0,1080.0
B0DGPQCDZW,2024.0,128.0,suaat,10.0,amoled,299.99,299.99,5000.0,20.0,,3.0,3.4,0.8,480.0,1280.0,800.0
B0CNTS3S1H,2024.0,128.0,doogee,5.5,lcd,109.98,149.99,42.0,8.0,,20.0,4.0,1.62,390.0,720.0,1440.0
B0B1VD6323,2024.0,128.0,samsung,6.6,lcd,79.99,99.99,5000.0,4.0,,5146.0,4.4,0.84,192.0,,
B0C1FJBG8P,2024.0,128.0,fossibot,5.45,lcd,159.99,199.99,10600.0,15.0,2.0,240.0,3.9,2.03,610.0,720.0,1440.0
B0DCBZP92Z,2024.0,256.0,oppo,6.7,amoled,195.0,549.0,5000.0,8.0,2.4,74.0,4.2,0.77,530.0,,
B0DKT7LG4F,2024.0,256.0,xiaomi,6.67,amoled,349.0,349.0,5500.0,8.0,2.2,197.0,4.4,2.57,254.42,,
B0BZRSGGWV,2024.0,128.0,blackview,6.1,lcd,133.79,133.79,5000.0,4.0,1.8,124.0,4.1,1.5,273.0,720.0,1560.0
B0CNKKTKL7,2024.0,256.0,xiaomi,6.67,amoled,547.8,499.99,5000.0,12.0,2.8,602.0,4.4,2.57,254.42,1440.0,2560.0
B0D4TPXNNG,2024.0,256.0,blackview,6.75,amoled,179.99,199.99,6000.0,8.0,2.0,26.0,4.3,0.91,214.0,1280.0,720.0
B0DNZ2FR46,2023.0,128.0,xiaomi,6.7,lcd,93.0,99.0,5000.0,4.0,,3.0,3.5,2.57,254.42,720.0,1650.0
B0D6W5ZX8P,2024.0,256.0,oppo,6.7,oled,245.99,199.99,5.0,8.0,2.4,23.0,4.3,0.75,434.0,,
B0DH23VGF7,2024.0,128.0,joyzap,3.0,lcd,49.99,199.99,900.0,2.0,1.3,9.0,3.2,1.26,137.0,360.0,640.0
B0BSLKHVH9,2024.0,128.0,,6.56,lcd,147.49,229.0,5000.0,8.0,,530.0,4.2,28.0,170.0,,
B0C7H2HHK1,2024.0,256.0,honor,6.7,amoled,374.78,199.99,5000.0,12.0,2.5,307.0,4.1,28.0,183.0,,
B0D2RR7JQZ,2024.0,128.0,motorola,6.56,lcd,89.0,129.0,5000.0,8.0,,135.0,4.3,0.8,181.0,720.0,1600.0
B0DLP55HCZ,2024.0,256.0,doogee,6.6,lcd,169.99,219.99,10300.0,8.0,,72.0,4.4,1.58,326.0,,
B0CGF22DYX,2024.0,128.0,tonysa,3.0,lcd,87.69,199.99,5000.0,2.0,,,,2.57,254.42,,
B09QH6KD26,2024.0,128.0,xiaomi,6.43,amoled,128.69,128.69,5000.0,6.0,2.05,16815.0,4.4,0.81,179.0,3840.0,2160.0
B0CPXYTPYG,2024.0,512.0,xiaomi,6.67,amoled,304.99,499.99,5000.0,12.0,3.0,780.0,4.4,2.57,254.42,1560.0,1440.0
B0DP6YY4JW,2024.0,128.0,shieldon,6.1,lcd,37.99,37.99,800.0,32.0,,28.0,4.3,1.7,80.0,,
B0CNKHZFPN,2024.0,256.0,xiaomi,6.67,amoled,279.95,499.99,5100.0,8.0,,602.0,4.4,2.57,254.42,,
B0D7VV8DC4,2024.0,256.0,doogee,6.58,lcd,189.99,146.99,10800.0,16.0,1.6,16.0,4.0,1.79,420.0,,
B0CHP1LXTT,2023.0,256.0,oukitel,6.52,lcd,169.99,199.99,10600.0,16.0,,812.0,3.8,2.57,254.42,720.0,1600.0
B0CNYJJD2T,2024.0,128.0,doogee,6.56,lcd,109.99,569.99,5150.0,8.0,,31.0,4.3,0.86,200.0,720.0,1612.0
B0D45VFT26,2024.0,512.0,samsung,6.7,amoled,1149.0,1329.0,4000.0,12.0,3.0,39.0,4.5,2.57,254.42,1080.0,2400.0
B0DPXNHN3F,2024.0,512.0,samsung,6.7,lcd,1579.0,1579.0,5000.0,12.0,,21.0,4.1,2.57,254.42,,
B0DLGR3WYC,2024.0,256.0,xiaomi,6.67,amoled,279.99,299.9,5110.0,8.0,,253.0,4.3,2.57,254.42,1500.0,750.0
B0BNK71JYH,2024.0,128.0,blackview,6.56,amoled,159.99,199.99,4480.0,8.0,2.0,349.0,3.8,0.87,193.0,,
B09JKL7C8Q,2024.0,256.0,samsung,6.78,amoled,689.0,689.0,3600.0,8.0,,10.0,3.1,2.57,254.42,2560.0,1440.0
B0DQD4LZLH,2024.0,256.0,oppo,6.67,amoled,249.0,349.0,5000.0,8.0,,,,2.57,254.42,1080.0,2280.0
B0DB5SNQ67,2024.0,128.0,zte,5.0,lcd,69.99,239.99,2000.0,2.0,,16.0,4.1,4.5,138.0,720.0,1280.0
B0CNQ5WD9K,2024.0,512.0,samsung,6.7,lcd,1579.0,1579.0,5000.0,12.0,,804.0,4.8,2.57,254.42,2340.0,1080.0
B0D929RCTB,2024.0,256.0,oppo,6.7,amoled,319.0,329.0,5000.0,8.0,2.6,23.0,4.3,2.57,254.42,1080.0,2400.0
B0CFTRMJHT,2023.0,64.0,ulefone,5.45,lcd,113.99,499.99,4860.0,8.0,2.05,96.0,4.2,2.57,254.42,,
B0DPN2THGT,2025.0,512.0,doogee,6.59,lcd,299.99,499.99,10800.0,12.0,,59.0,4.4,1.79,422.0,,
B0DLBD5MSS,2024.0,128.0,zokoe,3.0,lcd,55.99,59.99,900.0,2.0,,238.0,3.2,1.05,68.0,,
B0C33QTNDX,2021.0,64.0,blackview,6.1,amoled,159.99,199.99,6580.0,4.0,2.3,123.0,4.1,1.5,273.0,,
B0DMT2FKS4,2024.0,128.0,realme,6.67,lcd,109.0,119.99,5000.0,6.0,,5.0,4.5,0.76,350.0,1600.0,720.0
B0DG64L8QX,2024.0,128.0,xiaomi,6.88,lcd,129.99,149.9,5160.0,6.0,,253.0,4.2,2.57,254.42,,
B0DL2MFHX3,2020.0,256.0,realme,6.72,lcd,159.0,175.0,5000.0,8.0,2.6,26.0,4.4,2.57,254.42,,
B08XJQLBDJ,2024.0,128.0,sorandy,5.45,lcd,44.68,199.99,2200.0,1.0,,2.0,1.0,2.57,254.42,,
B0DJL42HZS,2024.0,128.0,zte,6.56,lcd,89.0,199.99,5000.0,4.0,,,,5.0,482.0,,
B0CQ499V98,2024.0,256.0,cubot,6.52,lcd,159.99,146.99,10600.0,12.0,,225.0,3.9,2.57,254.42,,
B09RZYJ9PG,2024.0,128.0,xiaomi,6.67,amoled,269.0,269.0,5000.0,8.0,2.2,5874.0,4.4,2.5,193.0,1080.0,2400.0
B0C6F9Y43N,2024.0,128.0,xiaomi,6.56,lcd,126.0,499.99,5000.0,4.0,2.0,1344.0,4.2,2.57,254.42,1920.0,1080.0
B0DNYZ58R1,2024.0,256.0,xiaomi,6.74,amoled,127.9,139.0,5160.0,8.0,,90.0,4.5,2.57,254.42,1080.0,2280.0
B0CLLWJ418,2024.0,512.0,xiaomi,6.67,amoled,358.92,399.0,5000.0,12.0,2.2,1956.0,4.2,2.57,254.42,1080.0,2400.0
B0D95CMS4W,2024.0,128.0,msmga,5.0,lcd,57.99,399.0,3000.0,16.0,,106.0,3.6,2.57,254.42,,
B0C69YZYYJ,2024.0,800.0,icreation,1.77,lcd,19.9,549.0,800.0,32.0,,66.0,3.5,1.39,73.0,160.0,128.0
B0DM5HJKRY,2025.0,128.0,oukitel,6.52,lcd,139.99,329.99,10600.0,8.0,,4.0,3.5,2.57,254.42,,
B0CTHYTHFT,2024.0,256.0,xiaomi,6.67,amoled,329.99,449.9,5000.0,8.0,,540.0,4.4,2.57,254.42,,
B0B4M3WX5F,2022.0,256.0,xiaomi,6.0,amoled,309.99,199.99,5000.0,8.0,,90.0,4.5,1.02,170.1,1080.0,2520.0
B09QH5NB1Z,2024.0,128.0,samsung,6.5,superamoled,329.99,449.0,5000.0,6.0,,4583.0,4.2,0.81,190.0,,
B0CSFVKV5S,2024.0,256.0,xiaomi,6.67,amoled,149.99,199.99,5000.0,8.0,2.4,3467.0,4.5,6.0,540.0,1080.0,2400.0
B0CQJSFRPR,2024.0,256.0,xiaomi,6.67,amoled,245.0,245.0,5000.0,8.0,,421.0,4.4,0.8,190.0,,
B0DCJSVXB8,2024.0,512.0,doogee,6.58,lcd,469.98,589.99,22000.0,32.0,2.2,22.0,4.9,0.18,790.0,,
B0CT8S7NC8,2024.0,128.0,oppo,6.56,lcd,95.62,199.99,3600.0,4.0,2.0,299.0,4.5,0.82,250.0,,
B0BW41XL4Z,2024.0,128.0,tcl,6.0,lcd,127.49,149.99,3000.0,2.0,2.0,80.0,4.1,28.0,182.0,,
B0CY5136K3,2024.0,256.0,huawei,6.7,amoled,259.0,279.0,5000.0,8.0,,93.0,3.3,0.84,199.0,,
B0DK3R64PY,2024.0,128.0,ulefone,6.56,lcd,79.99,89.99,5000.0,6.0,,91.0,4.0,0.87,250.0,1280.0,720.0
B09RMRTHTZ,2024.0,128.0,energizer,2.8,lcd,57.78,57.78,3000.0,4.0,,126.0,3.4,1.9,128.0,,
B0CPYKX9X8,2024.0,512.0,oneplus,6.82,amoled,899.0,1099.0,5000.0,16.0,3.2,341.0,4.5,6.1,500.0,2560.0,1440.0
B0D89ZJR78,2024.0,256.0,doogee,5.5,lcd,119.99,159.99,6300.0,8.0,1.6,38.0,4.5,1.62,262.0,1080.0,1920.0
B09775ZTJ5,2024.0,128.0,xiaomi,6.55,amoled,380.0,499.99,4250.0,8.0,,50.0,4.1,0.68,159.0,1080.0,2400.0
B0D33KJY93,2024.0,128.0,pthtechus,1.8,lcd,33.15,42.0,400.0,1.0,,157.0,3.9,1.0,140.0,,
B0CB8YVK36,2024.0,128.0,doact,6.6,lcd,85.28,85.28,5000.0,4.0,,,,2.57,254.42,,
B0CV7XZZNG,2024.0,256.0,samsung,6.67,lcd,199.0,1.0,5000.0,8.0,,,,2.57,254.42,1080.0,2400.0
B0CCYPD7MS,2024.0,256.0,motorola,6.5,amoled,224.78,299.0,5000.0,12.0,,2713.0,4.5,0.8,160.0,,
B0D3Q96GDL,2024.0,2048.0,ulefone,6.78,lcd,179.99,249.99,19.0,12.0,2.0,69.0,3.9,0.88,211.6,,
B0CGVTTZ7B,2024.0,128.0,google,6.7,oled,655.16,655.16,5025.0,12.0,3.2,2503.0,4.3,0.88,211.0,1440.0,2560.0
B0D43HDGMP,2024.0,128.0,,6.56,lcd,145.43,25.58,5000.0,8.0,,31.0,4.4,2.57,254.42,,
B0D9LNR55Z,2024.0,128.0,doogee,6.56,lcd,89.99,199.99,5150.0,9.0,,71.0,4.3,2.57,254.42,720.0,1612.0
B0DNF58678,2024.0,128.0,xiaomi,6.88,lcd,106.99,139.0,5160.0,4.0,120.0,71.0,4.4,2.57,254.42,2340.0,1080.0
B0B7KJS9K4,2024.0,128.0,cuifati,4.5,lcd,54.14,54.14,3000.0,4.0,,,,2.57,254.42,,
B0D2W69J7G,2024.0,256.0,doogee,6.56,lcd,179.99,179.99,6300.0,8.0,,50.0,4.0,2.57,254.42,,
B09MJQQ5GS,2018.0,256.0,apple,6.1,xdr,378.0,499.99,2815.0,8.0,,312.0,3.4,2.57,254.42,,
B0DS21LP9Q,2025.0,256.0,xiaomi,6.67,amoled,356.7,366.99,5110.0,12.0,2.5,7.0,4.6,2.57,254.42,1500.0,737.0
B0956DPGBF,2024.0,512.0,zunate,5.45,lcd,61.99,61.99,3000.0,4.0,,16.0,2.5,1.0,339.0,,
B0DM27NK9C,2024.0,256.0,oppo,6.67,lcd,199.0,329.99,5100.0,8.0,,16.0,4.2,2.57,254.42,2340.0,1080.0
B0CKLTZRX7,2024.0,128.0,motorola,6.5,lcd,99.46,499.99,5000.0,8.0,2.4,526.0,4.2,0.8,175.0,1080.0,2400.0
B0D8TJKYQW,2024.0,128.0,oscal,6.52,lcd,89.99,89.99,4700.0,4.0,1.6,208.0,4.4,0.93,192.0,1280.0,720.0
B0CV11PDWS,2024.0,256.0,samsung,6.5,superamoled,255.44,199.99,5000.0,4.0,,147.0,4.2,2.57,254.42,1080.0,2400.0
B0D2RTDNLB,2024.0,128.0,motorola,6.56,amoled,380.0,499.99,5000.0,4.0,,135.0,4.3,0.8,181.0,1080.0,2400.0
B0DJ77CWMZ,2024.0,128.0,bewinner,3.0,lcd,64.82,64.82,3000.0,16.0,,,,2.57,254.42,,
B0DJD45FRF,2024.0,256.0,realme,6.67,amoled,597.25,199.99,6000.0,12.0,,82.0,4.5,2.57,254.42,2532.0,1170.0
B0D796T434,2024.0,64.0,fossibot,6.74,lcd,109.99,139.99,10300.0,12.0,1.0,166.0,4.2,2.57,254.42,720.0,1600.0
B0CVQ7541Q,2024.0,256.0,samsung,6.67,amoled,390.0,473.34,5000.0,8.0,1.0,48.0,4.6,2.57,254.42,1080.0,2340.0
B0CGVNVD8R,2024.0,128.0,google,6.2,oled,449.0,799.0,4575.0,12.0,,2536.0,4.0,0.89,187.0,1080.0,2400.0
B0CYLGNKZP,2023.0,128.0,jtqtj,5.0,lcd,56.99,199.99,3000.0,1.0,2.1,58.0,3.3,2.57,254.42,720.0,1280.0
B0DN1557T5,2025.0,256.0,oukitel,6.56,lcd,169.99,169.99,5150.0,24.0,,59.0,4.9,2.57,254.42,720.0,1600.0
B0DN1GZ1D1,2024.0,128.0,realme,6.56,lcd,134.81,499.99,5000.0,8.0,,147.0,4.0,2.57,254.42,,
B0CW1TXB19,2024.0,256.0,toptro,6.67,dlp,237.14,247.14,5000.0,8.0,,1611.0,4.3,2.57,254.42,,
B0BYCGTQBP,2023.0,128.0,mcmgc,5.0,lcd,56.99,399.0,3000.0,1.0,,272.0,3.2,2.57,254.42,,
B08QXJNJ3Q,2024.0,128.0,samsung,6.2,superamoled,369.99,369.99,4000.0,8.0,2.84,140.0,4.0,0.79,247.0,,
B0CSFYBGG1,2024.0,64.0,hammer h,6.59,amoled,225.19,199.99,6320.0,6.0,,8.0,3.3,2.57,254.42,,
B0D8TCCP26,2024.0,128.0,oscal,6.75,lcd,139.99,199.99,5180.0,16.0,1.0,82.0,4.4,0.87,195.0,,
B0DMP72N29,2024.0,800.0,cocomm,1.8,lcd,21.24,54.98,800.0,32.0,,,,8.1,180.0,,
B09MJQGX2W,2024.0,256.0,apple,5.4,oled,335.0,549.0,2227.0,8.0,,1035.0,4.0,2.57,254.42,,
B0D1VKLSDM,2024.0,128.0,oukitel,6.6,fhd+,109.99,109.99,5150.0,24.0,2.0,38.0,4.1,2.57,254.42,,
B0DLG8TGS9,2024.0,1024.0,umidigi,6.75,lcd,124.99,329.99,5000.0,4.0,1.6,406.0,4.2,0.79,189.0,720.0,1600.0
B0DKNSPTTS,2024.0,256.0,vivo,6.67,amoled,299.0,329.0,5000.0,8.0,2.2,216.0,4.2,0.79,190.0,2400.0,1080.0
B0DK18KB59,2023.0,128.0,xiaomi,6.46,lcd,86.68,499.99,5160.0,8.0,,66.0,3.8,2.57,254.42,720.0,1440.0
B0CSF7B4Q8,2024.0,256.0,oukitel,6.6,lcd,399.99,199.99,22000.0,24.0,,110.0,4.5,2.72,970.0,1920.0,1080.0
B0D4M985GZ,2024.0,128.0,doogee,6.56,lcd,109.99,149.99,5150.0,8.0,,97.0,4.0,2.57,254.42,1600.0,720.0
B0DRCX34LQ,2025.0,256.0,xiaomi,6.67,amoled,177.5,177.5,5500.0,8.0,,24.0,4.6,2.57,254.42,,
B0D8L9DBQM,2024.0,256.0,oukitel,6.52,lcd,159.99,199.99,10600.0,16.0,1.6,303.0,4.2,1.74,370.0,,
B0DVH4PRZP,2024.0,256.0,spc,1.77,lcd,34.9,34.9,1150.0,32.0,1.0,3.0,5.0,2.57,254.42,128.0,160.0
B0DFC9GZHN,2024.0,256.0,ulefone,6.52,lcd,135.99,149.99,4000.0,6.0,2.2,31.0,4.3,1.35,300.0,,
B0D95YDCV9,2023.0,128.0,oukitel,6.52,lcd,139.99,239.99,5000.0,8.0,1.5,468.0,4.3,2.57,254.42,,
B0DDL1DMZ2,2024.0,256.0,oppo,6.67,amoled,238.99,199.99,5000.0,8.0,2.4,95.0,3.9,0.77,200.0,,
B0BZ884CZ9,2024.0,128.0,cubot,6.58,1920 x 1080 pixels,129.99,139.99,5000.0,16.0,2.0,345.0,4.0,0.97,490.0,,
B0CWS285P6,2024.0,128.0,xiaomi,6.74,lcd,78.9,87.0,5000.0,4.0,,433.0,3.9,2.57,254.42,1080.0,2400.0
B0D4SX2HWQ,2024.0,128.0,xiaomi,6.79,lcd,121.0,125.78,33.0,6.0,2.0,34.0,4.2,3.7,370.0,1920.0,1080.0
B0B3R9C126,2023.0,256.0,doogee,6.0,lcd,159.99,199.99,5180.0,6.0,,324.0,3.9,1.0,266.0,,
B0DNZ1Y4LG,2024.0,256.0,xiaomi,6.74,amoled,129.9,140.01,5160.0,8.0,,90.0,4.5,2.57,254.42,1080.0,2400.0
B0CMRZJ2R8,2024.0,128.0,xiaomi,6.74,lcd,118.9,127.0,5000.0,8.0,2.2,281.0,4.3,14.0,190.0,1600.0,720.0
B0C53R3TZX,2024.0,256.0,oppo,6.72,amoled,269.0,399.0,5000.0,8.0,2.2,416.0,4.2,0.82,192.0,1080.0,2400.0
B0B8NXSLNM,2024.0,128.0,elprico,5.0,lcd,48.1,48.1,2800.0,8.0,,,,2.57,254.42,,
B0DHLK7C6P,2024.0,128.0,pusokei,1.77,lcd,63.54,499.99,3000.0,16.0,,,,2.57,254.42,,
B0DL48WY7G,2024.0,128.0,xiaomi,6.88,lcd,108.85,131.96,5000.0,6.0,,6.0,4.5,2.57,254.42,,
B0DNN167DQ,2025.0,256.0,doogee,6.72,oled,299.99,419.99,5500.0,32.0,,11.0,4.4,1.05,242.0,1920.0,1080.0
B0DR8LQPJT,2024.0,256.0,doogee,6.56,lcd,119.99,329.99,5150.0,6.0,,39.0,4.5,0.86,186.0,720.0,1612.0
B0CC2W7JVH,2023.0,128.0,motorola,6.5,lcd,129.9,129.9,5000.0,4.0,,255.0,4.1,0.8,177.2,,
B0B59RCLJZ,2024.0,128.0,ciciglow,5.0,lcd,57.99,199.99,2200.0,1.0,2.1,,,2.57,254.42,854.0,480.0
B0DF54RNFX,2024.0,128.0,suaat,10.0,lcd,89.66,115.99,5000.0,20.0,,441.0,4.6,2.57,254.42,,
B0D5CQT349,2024.0,128.0,umidigi,6.75,lcd,127.49,149.99,5000.0,6.0,2.0,377.0,4.0,0.79,390.0,,
B0D2H7LK22,2024.0,128.0,oukitel,6.8,lcd,129.99,239.99,5150.0,18.0,1.6,1398.0,4.4,0.94,209.0,720.0,1600.0
B0D5B6PR4C,2024.0,256.0,xiaomi,6.67,amoled,297.0,297.0,5000.0,8.0,,11.0,4.4,6.0,520.0,2712.0,1220.0
B0D5DC933P,2024.0,256.0,oppo,6.67,amoled,345.0,449.0,5000.0,12.0,2.0,34.0,4.2,0.75,178.0,1080.0,2412.0
B0DH3N1GZ3,2024.0,128.0,honor,6.56,lcd,99.9,199.99,5000.0,4.0,,8.0,4.7,2.57,254.42,1920.0,1080.0
B09QH71RZR,2024.0,128.0,xiaomi,6.43,amoled,127.0,165.39,5000.0,6.0,2.05,16816.0,4.4,0.81,179.0,1920.0,1080.0
B0DK4NBZWB,2024.0,256.0,oppo,6.67,amoled,299.0,199.99,5000.0,8.0,,11.0,4.8,2.57,254.42,,
B0D8TCGKGN,2024.0,256.0,oukitel,6.52,hd,149.99,199.99,10600.0,24.0,1.6,659.0,4.4,2.57,254.42,1280.0,720.0
B0DGXZK6LX,2024.0,256.0,tcl,6.7,lcd,109.99,149.99,5010.0,10.0,,53.0,3.8,0.83,190.0,,
