ano,almacenamiento,marca,pantalla_in,pantalla_tipo,velocidad_cpu_ghz,ram,grosor,peso,ancho_px,alto_px,bateria,promedio_valoraciones,precio_anterior,precio_actual,z_score,anomaly
2013.0,256.0,samsung,4.3,lcd,1.7,1.0,1.27,77.11,540.0,960.0,5000.0,279.4594594594594,199.99,245.0,0.07391316419280271,-1
2024.0,160.0,inmarsat,2.0,lcd,2.9,2.0,10.16,318.0,240.0,320.0,160.0,0.8,199.99,933.0,3.1008121599954217,-1
2024.0,256.0,samsung,6.7,superamoled,2.2,6.0,0.77,179.0,1080.0,2400.0,4500.0,1761.8181818181818,279.99,279.99,0.2278538558543342,1
2015.0,128.0,ttfone,2.0,lcd,0.0,4.0,1.8,75.0,1080.0,2400.0,800.0,168.57142857142856,45.99,41.99,-0.8192420176936648,-1
2015.0,128.0,doro,2.0,lcd,1.2,12.0,1.9,74.0,3840.0,2160.0,800.0,74.0,48.67,48.67,-0.7898529402344185,-1
2024.0,512.0,xiaomi,6.67,amoled,3.0,12.0,0.03,540.0,1560.0,1440.0,5000.0,465.7142857142857,449.9,449.9,0.9753835191927396,1
1990.0,256.0,thuraya,6.7,lcd,1.0,16.0,3.0,212.0,1080.0,2400.0,1.0,1.3636363636363635,199.99,1085.0,3.7695456590680934,-1
2024.0,256.0,thuraya,6.1,lcd,2.7,32.0,2.57,254.42,1080.0,2400.0,5000.0,182.72727272727272,499.99,1335.0,4.869436282542882,1
2016.0,256.0,samsung,5.1,superamoled,2.3,4.0,0.79,151.95,1440.0,2560.0,3600.0,2874.0,179.0,179.0,-0.21645796040454157,-1
2016.0,256.0,samsung,5.5,amoled,3.9,4.0,0.77,157.0,1080.0,1920.0,3600.0,2874.0,186.0,186.0,-0.18566102294724748,-1
2016.0,256.0,huawei,5.2,ips,2.0,3.0,0.75,147.0,1080.0,1920.0,3000.0,566.25,448.96,448.96,0.9712479304484744,-1
2019.0,128.0,samsung,4.99,lcd,1.1,16.0,0.97,172.93,1280.0,720.0,2800.0,239.7619047619048,149.99,144.99,-0.3660870808220518,1
2017.0,64.0,samsung,6.2,amoled,2.3,4.0,0.8,173.0,1440.0,2960.0,3500.0,757.75,219.99,219.99,-0.036119893779615136,1
2017.0,64.0,samsung,5.8,amoled,2.3,4.0,0.8,152.0,1080.0,2400.0,3000.0,725.1162790697674,199.99,199.99,-0.12411114365759825,1
2017.0,128.0,nokia,1.8,lcd,0.9,16.0,1.28,60.0,1080.0,2400.0,1200.0,2697.948717948718,35.62,32.34,-0.8616977957597917,-1
2019.0,64.0,hipipooo,2.5,oled,0.8,2.0,2.0,18.0,800.0,480.0,800.0,306.4102564102564,27.0,27.0,-0.8851914594772132,-1
2019.0,64.0,artfone,1.8,lcd,0.8,32.0,1.39,180.0,1080.0,2400.0,1400.0,1202.6190476190477,28.99,28.99,-0.8764363301143538,-1
2018.0,64.0,samsung,6.0,amoled,2.2,4.0,0.75,347.4,2220.0,1080.0,3300.0,785.2272727272726,163.13,163.13,-0.2862790171827212,1
2018.0,64.0,nokia,1.8,lcd,0.0,4.0,1.44,20.0,1080.0,2400.0,800.0,624.1176470588235,54.98,22.99,-0.9028337050777487,-1
2024.0,256.0,samsung,6.1,amoled,2.7,6.0,0.78,157.0,1440.0,3040.0,3400.0,1414.25,267.84,267.84,0.1743991715534593,1
2024.0,64.0,ukuu,1.8,lcd,0.9,32.0,2.57,254.42,240.0,320.0,800.0,1082.8947368421052,29.99,29.99,-0.8720367676204547,-1
2024.0,128.0,samsung,6.1,amoled,3.2,6.0,0.8,157.0,3040.0,1440.0,3400.0,74.75,449.9,279.99,0.2278538558543342,1
2018.0,64.0,samsung,5.8,amoled,34.5,4.0,8.51,199.58,2960.0,1440.0,3000.0,25.897435897435894,1299.0,84.89,-0.630500786705391,-1
2024.0,256.0,samsung,6.4,amoled,2.8,8.0,0.78,175.0,1440.0,3040.0,5000.0,989.047619047619,290.0,290.0,0.2718934764182647,1
2024.0,256.0,samsung,6.1,amoled,3.1,8.0,0.78,155.92,1440.0,3040.0,5000.0,1414.25,199.99,269.99,0.18385823091534265,1
2024.0,64.0,iniu,1.8,lcd,0.0,32.0,1.27,198.0,1080.0,2400.0,800.0,13566.956521739132,26.99,17.99,-0.9248315175472446,-1
2019.0,128.0,samsung,6.2,lcd,24.2,2.0,10.0,166.0,1080.0,2400.0,3400.0,4.871794871794872,549.0,96.89,-0.5777060367786011,-1
2019.0,256.0,huawei,6.15,amoled,2.2,4.0,0.74,159.0,1080.0,2312.0,1.0,1278.4444444444443,349.0,198.0,-0.13286627302045761,1
2019.0,256.0,huawei,6.67,lcd,2.2,4.0,0.74,159.0,1080.0,2340.0,3340.0,1278.4444444444443,349.0,199.99,-0.12411114365759825,1
2019.0,256.0,google,5.6,oled,2.0,4.0,0.7,147.0,1080.0,2220.0,5000.0,2.954545454545454,249.99,249.99,0.09586698103735954,1
2024.0,64.0,panasonic,1.8,lcd,0.8,32.0,6.3,82.0,1080.0,2400.0,3600.0,312.10526315789474,29.9,28.99,-0.8764363301143538,-1
2024.0,128.0,zte,5.0,lcd,0.5,32.0,1.0,250.0,1080.0,2400.0,800.0,40.909090909090914,42.0,38.4,-0.8350364470467628,1
2024.0,128.0,zte,5.0,lcd,1.3,1.0,11.13,143.0,1080.0,2400.0,3600.0,41.03448275862069,199.99,38.45,-0.8348164689220677,1
2024.0,256.0,samsung,6.3,amoled,2.8,12.0,0.79,198.0,2560.0,1440.0,5000.0,345.12820512820514,549.0,449.99,0.9757794798171906,1
2020.0,256.0,samsung,6.3,amoled,3.1,8.0,0.79,168.0,1080.0,2340.0,3500.0,156.75,199.99,231.23,0.013331188651811288,1
2024.0,128.0,vivo,6.56,lcd,2.4,4.0,0.84,185.0,1612.0,720.0,5000.0,1.4285714285714286,499.99,143.04,-0.37466622768515523,1
2024.0,128.0,vivo,6.56,lcd,16.3,4.0,0.84,185.0,1080.0,2400.0,5000.0,1.2195121951219514,379.99,119.0,-0.4804317100384909,1
2019.0,512.0,ttfone,2.8,lcd,25.8,4.0,2.0,128.0,1080.0,2400.0,1400.0,263.3333333333333,109.99,94.55,-0.5880010130143253,-1
2019.0,128.0,xiaomi,6.2,lcd,1.9,3.0,2.57,254.42,1920.0,1080.0,4500.0,194.66666666666663,199.99,74.7,-0.6753323285182234,1
2019.0,64.0,samsung,5.9,superamoled,2.9,1.0,2.57,254.42,1920.0,1080.0,3100.0,228.46153846153845,549.0,66.89,-0.7096929115955758,1
2024.0,64.0,apple,6.1,lcd,3.0,12.0,6.3,188.0,1080.0,2400.0,3.0,474.72222222222223,1299.0,205.99,-0.09771376869420331,-1
2019.0,256.0,samsung,6.3,amoled,3.1,8.0,20.0,170.0,1440.0,3040.0,3500.0,13.23529411764706,199.99,215.0,-0.05807371062417196,-1
2024.0,64.0,oakcastle,1.77,lcd,0.0,32.0,1.2,70.0,1080.0,2400.0,600.0,1534.1666666666667,199.99,19.95,-0.9162083750592023,-1
2024.0,128.0,spc,2.8,lcd,0.0,1.0,1.9,108.0,320.0,240.0,800.0,45.0,199.99,49.99,-0.7840455177424716,1
2020.0,256.0,samsung,6.5,superamoled,3.1,4.0,0.79,172.0,1080.0,2400.0,4000.0,409.7674418604651,369.0,229.87,0.007347783660108502,1
2024.0,128.0,panasonic,2.4,lcd,1.2,1.0,2.3,110.0,320.0,240.0,500.0,112.6829268292683,69.9,53.43,-0.7689110227634585,1
2024.0,128.0,sveon,2.4,lcd,0.9,12.0,2.57,254.42,3840.0,2160.0,800.0,4.4,199.99,33.5,-0.8565943032668687,-1
2024.0,64.0,garsent,1.77,lcd,0.8,8.0,7.0,120.0,1080.0,2400.0,800.0,2.3076923076923075,27.71,27.71,-0.8820677701065448,1
2020.0,128.0,oukitel,6.3,oled,2.1,6.0,1.73,370.0,1080.0,2400.0,5000.0,52.22222222222222,199.99,199.99,-0.12411114365759825,1
2024.0,256.0,samsung,6.1,superamoled,2.9,4.0,2.57,254.42,1080.0,2340.0,3500.0,194.39024390243904,299.0,198.99,-0.1285107061514974,1
2024.0,256.0,huawei,6.15,lcd,2.2,6.0,0.74,660.0,1080.0,2400.0,3340.0,1278.4444444444443,199.99,199.0,-0.12846671052655845,1
2024.0,128.0,xiaomi,6.56,lcd,2.0,2.0,0.9,194.0,720.0,1600.0,3600.0,1437.8947368421054,99.99,79.99,-0.652058642925497,1
2024.0,128.0,xiaomi,6.53,lcd,2.0,2.0,0.9,194.0,1600.0,720.0,3600.0,748.0,119.99,85.89,-0.6261012242114918,1
2020.0,128.0,samsung,6.7,amoled,2.5,12.0,0.79,188.0,1440.0,3200.0,4500.0,3.5,369.99,369.99,0.6238144803052582,1
2024.0,1000.0,tcl,6.53,amoled,3.1,6.0,2.57,254.42,1080.0,2400.0,4500.0,355.45454545454544,499.99,270.96,0.18812580653442468,1
2024.0,128.0,xiaomi,6.67,amoled,2.8,8.0,0.93,218.0,1080.0,2400.0,1.0,107.61904761904762,199.99,599.0,1.6313582870331038,1
2024.0,128.0,samsung,6.5,amoled,2.8,6.0,0.84,193.0,2400.0,1080.0,4500.0,376.9047619047618,759.0,298.99,0.31144554323841817,1
2024.0,128.0,xiaomi,6.67,lcd,2.2,6.0,9.0,215.0,3840.0,2160.0,4820.0,1627.4999999999998,329.0,240.17,0.05266327734726973,-1
2020.0,128.0,doogee,6.55,lcd,2.9,4.0,0.89,190.0,1080.0,2280.0,4500.0,52.19512195121952,199.99,174.21,-0.23753186475031848,1
2024.0,128.0,doogee,6.22,led,2.0,8.0,1.55,310.0,720.0,1520.0,5000.0,64.5,269.99,269.99,0.18385823091534265,1
2024.0,512.0,ttfone,2.0,lcd,1.2,4.0,1.2,99.0,1080.0,2400.0,1400.0,138.70967741935485,46.99,46.99,-0.7972442052241691,1
2024.0,256.0,apple,6.1,oled,2.5,8.0,0.74,189.0,1080.0,2400.0,4.0,1714.8648648648648,499.99,343.0,0.50507028859492,1
2012.0,256.0,apple,5.4,oled,3.1,8.0,2.57,254.42,1080.0,2400.0,5000.0,1874.2857142857144,499.99,245.0,0.07391316419280271,-1
2024.0,256.0,apple,6.1,oled,2.5,8.0,2.57,254.42,1080.0,2400.0,5000.0,1714.8648648648648,499.99,329.99,0.44783198054929196,1
2024.0,256.0,apple,6.1,oled,2.4,8.0,2.82,190.0,1080.0,2400.0,4.0,3198.285714285714,499.99,319.0,0.3994807887413402,-1
2024.0,128.0,apple,5.4,amoled,3.1,4.0,2.83,229.0,2340.0,1080.0,4.0,1874.2857142857144,255.0,255.0,0.11790878913179426,1
2024.0,128.0,apple,5.4,oled,3.1,4.0,0.74,135.0,1080.0,2400.0,5000.0,1874.2857142857144,499.99,245.0,0.07391316419280271,1
2024.0,128.0,apple,5.4,oled,3.1,4.0,0.74,135.0,2340.0,1080.0,5000.0,1874.2857142857144,499.99,245.0,0.07391316419280271,1
2024.0,256.0,apple,6.1,oled,2.5,8.0,0.74,189.0,1080.0,2400.0,5000.0,1714.8648648648648,499.99,333.99,0.4654302305248886,1
2024.0,256.0,apple,6.1,oled,2.4,8.0,2.82,300.0,2532.0,1170.0,4.0,3198.285714285714,317.99,317.99,0.3950372306225021,-1
2024.0,256.0,apple,5.4,oled,3.1,8.0,2.57,254.42,1080.0,2400.0,5000.0,1874.2857142857144,499.99,248.0,0.08711185167450017,1
2024.0,256.0,apple,6.1,oled,2.4,8.0,2.57,254.42,1080.0,2400.0,5000.0,3198.285714285714,499.99,323.99,0.421434605585897,1
2024.0,128.0,samsung,6.2,amoled,2.8,8.0,2.0,301.0,2340.0,1080.0,4000.0,206.66666666666663,369.99,349.0,0.5314676635583149,1
2024.0,128.0,samsung,6.6,lcd,2.7,4.0,10.0,192.0,1080.0,2400.0,5000.0,1169.5454545454545,72.29,72.29,-0.6859352741285205,1
2024.0,512.0,oppo,6.7,amoled,2.0,12.0,0.74,180.0,1080.0,2412.0,3600.0,22.32558139534884,499.99,521.85,1.2919320406287842,1
2024.0,128.0,blackview,6.58,amoled,2.2,8.0,1.77,367.0,1920.0,1080.0,8380.0,17.941176470588236,499.99,424.99,0.8657904174697117,1
2024.0,128.0,samsung,6.67,amoled,1.0,8.0,2.57,254.42,1080.0,2340.0,5000.0,125.11111111111111,549.0,339.0,0.4874720386193233,1
2024.0,512.0,xiaomi,6.67,amoled,3.0,12.0,2.57,254.42,1500.0,2560.0,5000.0,51.463414634146346,496.65,337.99,0.4830284805004852,1
2024.0,128.0,realme,11.02,lcd,13.8,6.0,11.42,400.0,1080.0,2400.0,5000.0,58.33333333333333,199.99,151.95,-0.33546612586451374,1
2025.0,512.0,doogee,6.72,lcd,2.5,32.0,1.6,364.0,1080.0,2280.0,10100.0,16.382978723404253,469.99,369.99,0.6238144803052582,-1
2023.0,64.0,ttfone,1.8,lcd,0.0,32.0,0.9,180.0,128.0,160.0,800.0,6.666666666666667,199.99,21.99,-0.9072332675716479,-1
2024.0,256.0,fossibot,6.58,lcd,2.0,7.0,2.0,470.0,720.0,1440.0,10600.0,33.333333333333336,199.99,109.99,-0.5200717681085223,1
2025.0,256.0,oukitel,6.56,lcd,2.8,24.0,2.57,254.42,720.0,1600.0,5150.0,12.040816326530612,199.99,169.99,-0.2560980184745729,1
2024.0,256.0,samsung,6.7,lcd,2.6,12.0,2.57,254.42,1920.0,1080.0,5000.0,167.5,499.99,1459.0,5.414982031786377,1
2024.0,128.0,blackview,4.3,lcd,2.0,12.0,2.57,254.42,1080.0,2400.0,3700.0,10.0,199.99,149.99,-0.34408926835255604,1
2024.0,128.0,google,6.2,oled,2.5,12.0,0.89,187.0,1080.0,2400.0,4575.0,634.0,199.99,474.46,1.0834367740429027,1
2024.0,256.0,doogee,5.5,lcd,2.8,16.0,2.57,254.42,1440.0,720.0,6300.0,36.09756097560976,179.99,179.99,-0.21210239353558136,1
2024.0,256.0,oukitel,6.7,lcd,1.6,24.0,2.57,254.42,720.0,1604.0,5000.0,0.9523809523809524,129.99,129.99,-0.4320805182305391,1
2024.0,256.0,samsung,6.5,amoled,3.1,8.0,3.0,197.0,1080.0,2400.0,5000.0,166.046511627907,343.02,234.99,0.029873543628872196,1
2023.0,256.0,xiaomi,6.74,lcd,15.1,8.0,1.27,192.0,1080.0,2400.0,5000.0,7.096774193548387,499.99,136.27,-0.40445126576885243,1
2024.0,128.0,jtqtj,5.0,lcd,2.1,1.0,2.57,254.42,1280.0,720.0,3000.0,78.33333333333333,499.99,56.99,-0.7532485802851775,1
2024.0,128.0,xiaomi,6.56,lcd,1.0,4.0,2.57,254.42,1920.0,1080.0,5000.0,19.0,87.89,82.0,-0.6432155223127597,1
2024.0,128.0,xiaomi,6.74,lcd,19.3,6.0,2.57,254.42,1440.0,720.0,5000.0,188.0,136.24,106.97,-0.5333584468400977,1
2018.0,64.0,fossibot,5.45,amoled,2.0,7.0,2.03,350.0,720.0,1440.0,10600.0,5.5813953488372094,139.99,139.99,-0.38808489329154755,1
2024.0,64.0,xiaomi,5.0,lcd,4.7,3.0,2.57,254.42,1080.0,2400.0,5000.0,19.77272727272727,94.27,76.0,-0.6696128972761546,1
2024.0,64.0,realme,6.74,lcd,1.8,3.0,0.76,360.0,1080.0,2400.0,5000.0,8.974358974358974,82.99,79.99,-0.652058642925497,1
2024.0,128.0,samsung,6.6,amoled,3.3,4.0,0.84,198.0,1080.0,2400.0,5000.0,553.0952380952381,319.0,284.99,0.24985166832382996,1
2024.0,256.0,tcl,6.8,lcd,3.0,16.0,0.9,192.0,1920.0,1080.0,5010.0,10.5,219.99,199.99,-0.12411114365759825,1
2024.0,256.0,honor,6.7,amoled,3.0,8.0,2.57,254.42,2412.0,1080.0,4500.0,1.875,499.99,209.0,-0.0844710855875669,1
2022.0,256.0,unihertz,3.0,lcd,1.5,4.0,1.65,110.0,1080.0,2400.0,2000.0,52.0,149.99,209.99,-0.08011551871860668,1
2024.0,256.0,xiaomi,6.67,amoled,0.0,8.0,0.8,188.0,1920.0,1080.0,5000.0,1033.658536585366,249.0,159.95,-0.3002696259133205,1
2024.0,256.0,samsung,6.5,lcd,3.0,3.0,0.89,205.0,1080.0,2400.0,5000.0,16.666666666666664,499.99,199.99,-0.12411114365759825,1
2024.0,128.0,msmga,5.0,lcd,1.2,1.0,2.57,254.42,720.0,1280.0,3000.0,65.66666666666667,199.99,55.99,-0.7576481427790767,1
2024.0,128.0,samsung,6.56,amoled,15.5,4.0,2.57,254.42,1440.0,720.0,5000.0,17.5609756097561,199.99,127.9,-0.44127560384278836,1
2024.0,128.0,realme,6.74,lcd,1.8,4.0,0.78,187.0,1600.0,720.0,5000.0,8.974358974358974,104.99,97.0,-0.5772220849042723,1
2024.0,256.0,vivo,6.68,lcd,3.0,8.0,0.8,380.0,1080.0,2400.0,6000.0,23.72093023255814,199.99,169.0,-0.26045358534353313,1
2024.0,128.0,msmga,5.0,lcd,1.2,1.0,2.57,254.42,720.0,1280.0,3000.0,20.571428571428573,59.99,56.99,-0.7532485802851775,1
2024.0,64.0,xiaomi,6.0,lcd,32.3,4.0,0.8,500.0,1080.0,2400.0,5000.0,58.83720930232558,109.1,89.9,-0.6084589786109563,1
2024.0,128.0,motorola,6.5,lcd,34.5,4.0,0.8,175.0,1080.0,2400.0,5000.0,173.57142857142856,549.0,85.65,-0.6271571192100277,1
2024.0,512.0,doogee,6.78,lcd,2.5,32.0,1.58,383.0,2460.0,1080.0,8680.0,5.333333333333333,569.99,399.99,0.7558013551222329,-1
2024.0,512.0,cubot,6.58,lcd,2.6,32.0,2.57,254.42,2408.0,1080.0,10200.0,18.666666666666668,199.99,389.99,0.7118057301832413,-1
2024.0,64.0,energizer,1.57,lcd,0.0,1.0,1.4,170.0,1280.0,720.0,1000.0,314.1463414634147,199.99,19.99,-0.9160323925594462,-1
2024.0,128.0,umidigi,6.75,lcd,2.0,12.0,0.79,189.0,1080.0,2400.0,5000.0,160.5263157894737,149.99,127.49,-0.4430794244652871,1
2024.0,256.0,realme,6.72,lcd,2.8,8.0,0.79,350.0,1080.0,2400.0,6000.0,1.1111111111111112,329.99,178.0,-0.2208575228984407,1
2023.0,256.0,doogee,4.5,lcd,2.8,8.0,2.57,254.42,1080.0,2400.0,3000.0,1.1904761904761905,169.99,169.99,-0.2560980184745729,1
2024.0,128.0,bewinner,2.5,lcd,26.5,1.0,2.57,254.42,1080.0,2400.0,5000.0,2.962962962962963,92.42,92.42,-0.5973720811263304,1
2024.0,512.0,xiaomi,6.67,oled,2.8,12.0,0.89,205.0,2400.0,1080.0,5000.0,63.33333333333333,364.0,347.0,0.5226685385705165,1
2025.0,256.0,oukitel,6.56,ips,2.0,24.0,1.53,680.0,720.0,1600.0,11000.0,16.444444444444443,259.99,249.99,0.09586698103735954,-1
2024.0,256.0,motorola,6.55,oled,1.0,12.0,0.78,170.0,1080.0,2400.0,5000.0,184.4186046511628,399.0,234.0,0.025517976759911992,1
2024.0,64.0,fossibot,6.74,lcd,2000.0,12.0,2.57,254.42,1080.0,2400.0,10300.0,39.285714285714285,139.99,109.99,-0.5200717681085223,-1
2023.0,128.0,vivo,6.56,lcd,2.4,4.0,2.57,254.42,1080.0,2400.0,5000.0,0.9523809523809524,139.9,139.9,-0.3884808539159985,1
2025.0,256.0,oukitel,6.7,amoled,2.2,24.0,0.82,490.0,2412.0,1080.0,5150.0,3.75,260.0,260.0,0.13990660160129004,1
2024.0,128.0,xiaomi,6.56,lcd,1.0,2.0,2.57,254.42,1080.0,2400.0,3600.0,111.7948717948718,87.65,82.0,-0.6432155223127597,1
2024.0,128.0,oukitel,6.8,lcd,2.2,24.0,2.57,254.42,720.0,1600.0,5150.0,68.09523809523809,199.99,189.99,-0.1681067685965898,1
2024.0,64.0,oukitel,6.52,lcd,2.3,7.0,1.0,350.0,1760.0,1060.0,10600.0,37.567567567567565,149.99,139.99,-0.38808489329154755,1
2025.0,128.0,doogee,5.5,lcd,1.6,8.0,1.62,262.0,1080.0,2400.0,6300.0,8.444444444444445,159.99,116.0,-0.49363039752018834,1
2024.0,256.0,cubot,6.58,lcd,2.0,16.0,0.97,217.0,1920.0,1080.0,5000.0,51.62162162162162,146.99,129.99,-0.4320805182305391,1
2025.0,512.0,doogee,6.78,lcd,2.6,36.0,1.63,383.0,1080.0,2160.0,8680.0,7.659574468085106,639.99,499.99,1.1957576045121485,-1
2024.0,128.0,cubot,6.75,lcd,1.8,12.0,2.57,254.42,720.0,1600.0,5100.0,15.25,129.99,99.99,-0.564067393047514,1
2024.0,128.0,ulefone,5.5,amoled,1.8,3.0,1.38,235.0,720.0,1440.0,5000.0,25.71428571428571,199.99,139.99,-0.38808489329154755,1
2024.0,128.0,oukitel,6.52,lcd,1.6,127.0,0.9,460.0,1080.0,1920.0,4300.0,66.59090909090908,99.99,79.99,-0.652058642925497,-1
2024.0,256.0,samsung,6.3,amoled,2.9,12.0,2.57,254.42,1920.0,1080.0,5000.0,167.5,199.99,961.09,3.224395870449049,1
2022.0,128.0,xiaomi,40.55,amoled,3.0,8.0,0.7,173.0,2400.0,1080.0,5000.0,25.0,217.66,169.0,-0.26045358534353313,1
2023.0,256.0,xiaomi,6.67,amoled,2.0,8.0,2.57,254.42,2400.0,1080.0,5000.0,2705.31914893617,195.99,195.99,-0.14170939363319487,1
2024.0,128.0,oscal,6.5,lcd,2.0,7.0,0.94,193.0,720.0,1600.0,5080.0,112.6829268292683,199.99,89.99,-0.6080630179865055,1
2024.0,128.0,fossibot,5.45,lcd,14.4,7.0,2.57,254.42,720.0,1440.0,10600.0,63.0,199.99,139.99,-0.38808489329154755,1
2024.0,128.0,doogee,6.52,lcd,2.3,9.0,0.91,187.0,720.0,1600.0,4200.0,6.666666666666667,199.99,89.99,-0.6080630179865055,1
2024.0,256.0,oppo,6.56,lcd,3.0,8.0,2.57,254.42,2400.0,1080.0,5100.0,2.9268292682926838,149.0,144.0,-0.370442647691012,1
2024.0,128.0,samsung,6.5,superamoled,3.4,5.0,0.81,190.0,1080.0,2400.0,5000.0,1091.190476190476,449.0,296.0,0.2982908513816596,1
2018.0,256.0,apple,6.1,xdr,2.5,8.0,2.57,254.42,1080.0,2400.0,2815.0,65.0,499.99,379.0,0.6634545383752896,1
2024.0,64.0,oukitel,6.6,lcd,21.8,8.0,2.57,254.42,720.0,1600.0,4300.0,31.818181818181817,239.99,99.99,-0.564067393047514,1
2024.0,128.0,cubot,6.75,lcd,1.8,12.0,2.57,254.42,720.0,1600.0,5100.0,15.25,129.99,99.99,-0.564067393047514,1
2024.0,128.0,google,6.3,amoled,3.0,12.0,0.86,190.0,1080.0,2160.0,4650.0,56.74418604651163,1099.0,849.0,2.7312489105078925,1
2024.0,64.0,doogee,5.5,lcd,17.9,8.0,2.57,254.42,1080.0,2400.0,6300.0,0.8,199.99,109.99,-0.5200717681085223,1
2022.0,512.0,xiaomi,6.67,amoled,2.6,12.0,2.57,254.42,1440.0,3200.0,5000.0,15.217391304347828,25.01,595.99,1.6181156039264675,1
2024.0,128.0,xiaomi,6.43,lcd,2.4,4.0,0.81,179.5,1920.0,1080.0,5000.0,3821.590909090909,499.99,188.75,-0.1735622260890248,-1
2024.0,128.0,xiaomi,6.79,lcd,2.0,4.0,0.82,30.0,2460.0,1080.0,5000.0,320.0,499.99,152.89,-0.33133053712024857,1
2024.0,128.0,doogee,6.56,lcd,32.3,20.0,2.57,254.42,720.0,1600.0,5000.0,4.634146341463415,159.99,89.99,-0.6080630179865055,1
2024.0,64.0,leyt,5.0,lcd,2.1,32.0,2.57,254.42,1080.0,2400.0,3500.0,19.45945945945946,64.23,64.23,-0.7213957478293477,1
2024.0,128.0,zte,6.56,lcd,22.5,4.0,11.42,500.0,720.0,1600.0,5000.0,4.634146341463415,1.22,98.68,-0.5698308199145217,-1
2024.0,256.0,apple,6.1,xdr,2.5,12.0,2.57,254.42,1080.0,2400.0,2815.0,302.97297297297297,549.0,468.0,1.0550156003323143,1
2023.0,128.0,oukitel,6.52,lcd,2.8,16.0,2.57,254.42,1600.0,720.0,10600.0,213.6842105263158,199.99,169.99,-0.2560980184745729,1
2024.0,256.0,ulefone,6.75,lcd,16.3,8.0,0.91,320.0,1560.0,720.0,11.0,9.25,139.99,118.99,-0.4804757056634299,1
2022.0,256.0,samsung,6.4,oled,3.2,6.0,2.5,186.0,1080.0,2400.0,5000.0,1040.681818181818,273.57,273.57,0.19960866464350155,1
2024.0,256.0,samsung,6.6,amoled,2.2,6.0,1.02,240.0,1920.0,1080.0,5000.0,37.906976744186046,303.36,229.0,0.0035201642904162164,1
2024.0,256.0,doogee,6.56,lcd,1.6,20.0,2.57,254.42,1080.0,2400.0,5150.0,14.285714285714285,239.99,169.99,-0.2560980184745729,1
2024.0,128.0,xiaomi,6.79,lcd,2.0,4.0,0.82,400.0,1080.0,2400.0,5000.0,20.243902439024392,101.93,101.93,-0.5555322418093495,1
2024.0,128.0,oscal,6.75,lcd,2.0,8.0,0.91,214.0,1280.0,720.0,6000.0,7.173913043478262,239.99,99.99,-0.564067393047514,1
2024.0,256.0,xiaomi,6.67,amoled,3.1,8.0,2.57,254.42,707.0,384.0,5000.0,1.1904761904761905,199.99,237.0,0.03871666424160946,1
2024.0,128.0,panasonic,5.0,lcd,1.2,1.0,60.0,290.0,400.0,240.0,1.0,29.72972972972973,569.99,52.7,-0.7721227033840048,-1
2024.0,256.0,samsung,6.6,superamoled,2.6,12.0,0.76,195.0,1080.0,2400.0,4500.0,153.48837209302326,519.99,499.99,1.1957576045121485,1
2024.0,256.0,oukitel,6.6,lcd,2.0,24.0,1.49,360.0,1920.0,1080.0,11000.0,90.88888888888889,199.99,325.99,0.43023373057369535,1
2024.0,256.0,asus,5.9,amoled,3.2,8.0,28.0,172.0,2400.0,1080.0,4300.0,48.44444444444444,699.99,599.0,1.6313582870331038,-1
2024.0,256.0,motorola,6.67,amoled,3.4,12.0,0.76,160.0,1080.0,2400.0,5000.0,602.8888888888889,299.0,289.73,0.270705594544912,1
2024.0,256.0,xiaomi,6.67,amoled,2.4,12.0,1.0,500.0,2712.0,1220.0,5000.0,70.22727272727272,329.3,260.0,0.13990660160129004,1
2024.0,256.0,oppo,6.7,lcd,8.0,8.0,0.77,186.0,1604.0,720.0,5100.0,66.22222222222223,179.0,169.0,-0.26045358534353313,1
2024.0,512.0,samsung,6.7,amoled,3.1,12.0,2.57,254.42,1080.0,2400.0,4000.0,1.2,1089.0,1089.0,3.78714390904369,1
2022.0,128.0,xiaomi,0.39,lcd,15.8,6.0,5.0,400.0,1334.0,720.0,5000.0,1.5789473684210529,152.65,131.45,-0.42565715698944645,-1
2024.0,256.0,apple,6.1,oled,2.4,8.0,2.57,254.42,1080.0,2400.0,3000.0,3198.285714285714,499.99,308.7,0.3541652950541789,1
2024.0,256.0,oppo,2.63,lcd,3.0,8.0,2.57,254.42,1080.0,2400.0,5000.0,1.0416666666666667,499.99,209.0,-0.0844710855875669,1
2024.0,256.0,samsung,6.2,amoled,3.4,8.0,0.79,169.0,1080.0,2400.0,4000.0,2.619047619047619,301.99,301.99,0.3246442307201156,1
2025.0,64.0,oscal,6.56,lcd,4.3,4.0,2.57,254.42,1080.0,2400.0,5000.0,18.18181818181818,329.99,79.99,-0.652058642925497,1
2024.0,64.0,oukitel,6.6,lcd,1.6,8.0,2.57,254.42,720.0,1612.0,4300.0,195.3658536585366,239.99,99.99,-0.564067393047514,1
2024.0,128.0,motorola,6.6,lcd,2.0,6.0,0.8,370.0,2400.0,1080.0,5000.0,3.414634146341464,199.99,229.0,0.0035201642904162164,1
2024.0,512.0,xiaomi,6.67,amoled,2.2,12.0,6.0,500.0,2340.0,1080.0,5000.0,9.11111111111111,216.93,191.0,-0.1636632104777517,1
2023.0,512.0,cubot,6.58,ips,2.0,8.0,1.0,217.0,2160.0,1080.0,5200.0,53.888888888888886,179.95,149.99,-0.34408926835255604,1
2023.0,256.0,doogee,4.5,amoled,2.2,8.0,1.27,155.0,960.0,540.0,3000.0,2.5641025641025643,165.99,165.99,-0.27369626845016953,1
2025.0,64.0,xgody,5.5,lcd,1.5,16.0,2.57,254.42,1080.0,2400.0,2850.0,2.0,329.99,64.99,-0.7180520803339844,1
2024.0,256.0,xiaomi,6.67,amoled,2.6,12.0,2.57,254.42,2560.0,1440.0,5000.0,1.6666666666666663,499.99,589.95,1.5915422464633167,1
2024.0,128.0,qrzrq,5.0,lcd,1.2,1.0,2.57,254.42,720.0,1280.0,2900.0,81.875,199.99,52.99,-0.770846830260774,1
2024.0,128.0,cuifati,2.5,lcd,1.2,16.0,2.57,254.42,320.0,240.0,1000.0,1.3333333333333333,199.99,48.42,-0.7909528308578934,1
2024.0,256.0,xiaomi,6.67,oled,3.1,8.0,8.2,600.0,1080.0,2400.0,5000.0,1.5,247.59,237.78,0.042148322986850804,1
2024.0,256.0,vivo,6.67,amoled,3.1,8.0,0.78,185.5,1920.0,1080.0,5000.0,12.325581395348838,199.99,229.0,0.0035201642904162164,1
2024.0,128.0,luqeeg,5.0,lcd,2.1,32.0,2.57,254.42,1080.0,2400.0,2200.0,20.571428571428573,56.56,56.56,-0.7551403921575541,1
2024.0,64.0,oukitel,6.0,lcd,1.6,16.0,1.5,290.0,576.0,1152.0,6300.0,41.05263157894737,129.99,109.99,-0.5200717681085223,1
2022.0,256.0,honor,6.78,amoled,3.4,8.0,2.57,254.42,1080.0,2400.0,5300.0,0.6521739130434783,199.99,229.0,0.0035201642904162164,1
2024.0,128.0,hammer h,6.5,amoled,3.0,6.0,2.0,280.0,1920.0,1080.0,6150.0,10.0,221.81,221.81,-0.028112690040718702,1
2024.0,128.0,sorandy,5.5,lcd,16.3,1.0,2.57,254.42,1080.0,2400.0,5000.0,6.551724137931035,115.52,115.52,-0.49574218751725996,1
2024.0,128.0,bewinner,2.5,lcd,1.3,1.0,2.57,254.42,1080.0,2400.0,5000.0,3.333333333333333,499.99,112.78,-0.5077969887505436,1
2024.0,128.0,umidigi,6.75,lcd,1.6,4.0,0.79,189.0,1600.0,720.0,5000.0,96.66666666666666,499.99,124.99,-0.45407833070003495,1
2024.0,256.0,realme,6.72,lcd,2.9,8.0,7.0,180.0,1080.0,2400.0,5000.0,58.33333333333333,192.37,192.37,-0.15763580986110984,1
2024.0,512.0,nubia,6.8,amoled,3.0,16.0,0.88,246.0,1080.0,2400.0,6000.0,26.153846153846157,839.0,839.0,2.687253285568901,1
2024.0,256.0,xiaomi,6.67,amoled,2.6,4.0,2.57,254.42,2400.0,1080.0,5000.0,243.40909090909088,559.73,559.73,1.458587467897684,1
2024.0,256.0,oppo,6.7,amoled,2.4,8.0,0.77,500.0,2400.0,1080.0,5000.0,17.619047619047617,1579.0,1579.0,5.942929531054276,-1
2024.0,128.0,ulefone,6.75,amoled,2.0,8.0,0.91,217.0,1080.0,2400.0,6000.0,0.9523809523809524,329.99,135.99,-0.4056831432671442,1
2024.0,256.0,xiaomi,6.43,lcd,12.3,6.0,60.0,179.0,1080.0,2340.0,5000.0,3821.590909090909,156.99,156.99,-0.31329233089526193,-1
2021.0,128.0,xiaomi,6.52,amoled,16.4,2.0,2.57,254.42,1080.0,2400.0,5000.0,6.19047619047619,199.99,129.52,-0.4341483126026717,1
2024.0,256.0,samsung,6.7,amoled,3.1,12.0,2.57,254.42,1080.0,2400.0,5000.0,182.72727272727272,1159.0,1159.0,4.095113283616631,1
2024.0,256.0,realme,6.78,amoled,3.2,12.0,0.86,500.0,1080.0,2400.0,5000.0,0.6666666666666666,488.79,488.79,1.1464825045804778,1
2024.0,256.0,oukitel,6.52,lcd,2.0,12.0,1.71,680.0,720.0,1600.0,10600.0,15.121951219512196,199.99,169.99,-0.2560980184745729,1
2024.0,64.0,spc,2.8,lcd,1.0,1.0,2.57,254.42,320.0,240.0,1600.0,3.91304347826087,69.9,59.99,-0.74004989280348,1
2024.0,128.0,xiaomi,6.88,lcd,8.0,8.0,2.57,254.42,1640.0,720.0,5160.0,4.468085106382978,131.57,123.19,-0.46199754318905345,1
2024.0,512.0,realme,6.67,lcd,2.6,12.0,2.57,254.42,1080.0,2400.0,5000.0,0.6,199.99,270.33,0.18535408216326824,1
2024.0,128.0,oukitel,2.36,lcd,2.0,4.0,1.54,580.0,720.0,1440.0,6300.0,279.5238095238095,146.99,118.99,-0.4804757056634299,1
2024.0,256.0,xiaomi,6.67,amoled,2.4,8.0,0.8,188.5,1080.0,2400.0,5000.0,379.30232558139534,549.0,165.29,-0.276775962195899,1
2024.0,128.0,oukitel,6.52,lcd,32.3,16.0,2.57,254.42,576.0,1280.0,4300.0,67.67441860465117,119.99,89.99,-0.6080630179865055,1
2024.0,512.0,samsung,6.7,lcd,2.7,8.0,2.57,254.42,1080.0,2400.0,3700.0,21.0,199.99,1329.0,4.843038907579487,1
2024.0,128.0,hyrich,5.0,lcd,1.2,1.0,2.57,254.42,720.0,1280.0,3000.0,88.92857142857143,199.99,55.99,-0.7576481427790767,1
2024.0,256.0,xiaomi,6.67,amoled,2.0,8.0,0.79,188.0,1220.0,2712.0,5000.0,59.77272727272727,286.09,224.35,-0.016937801306214882,1
2024.0,256.0,doogee,6.56,lcd,3.1,20.0,2.07,269.0,720.0,1612.0,15500.0,3.1818181818181817,289.99,229.99,0.00787573115937642,1
2024.0,256.0,oukitel,6.52,lcd,3.0,24.0,2.57,254.42,1080.0,2400.0,10600.0,9.02439024390244,199.99,209.99,-0.08011551871860668,1
2019.0,256.0,apple,6.7,oled,2.9,12.0,0.05,436.0,1080.0,2400.0,16.0,17.77777777777778,549.0,685.0,2.0097206615084313,-1
2024.0,128.0,ulefone,6.75,amoled,2.0,8.0,0.91,217.0,1080.0,2400.0,6000.0,0.9523809523809524,329.99,135.99,-0.4056831432671442,1
2024.0,128.0,samsung,6.67,amoled,2.4,6.0,2.57,254.42,1080.0,2340.0,5000.0,235.3658536585366,499.99,254.9,0.11746883288240437,1
2013.0,256.0,doogee,6.58,lcd,2.0,12.0,5.7,390.0,1080.0,2408.0,10800.0,14.5,209.99,199.49,-0.12631092490454782,-1
2024.0,128.0,xiaomi,6.88,lcd,60.0,4.0,2.57,254.42,2340.0,1080.0,5160.0,52.38095238095238,179.9,118.89,-0.4809156619128198,-1
2024.0,128.0,google,6.3,amoled,3.0,8.0,0.9,190.0,1080.0,2400.0,5000.0,109.02439024390245,199.99,999.0,3.391183284592766,1
2024.0,256.0,realme,6.78,amoled,3.0,12.0,2.57,254.42,1080.0,2340.0,6000.0,18.22222222222222,499.99,719.41,2.161109606923501,1
2023.0,128.0,xiaomi,6.74,lcd,2.0,4.0,2.57,254.42,1650.0,720.0,5000.0,47.906976744186046,131.79,122.49,-0.46507723693478287,1
2024.0,128.0,hotwav,6.52,oled,2.4,4.0,1.3,300.0,1080.0,2400.0,6280.0,18.04878048780488,499.99,119.99,-0.47607614316953073,1
2025.0,256.0,doogee,6.72,lcd,2.2,32.0,1.6,364.0,1080.0,2400.0,10100.0,49.30232558139535,379.99,299.99,0.3158451057323173,1
2024.0,512.0,8849,6.79,lcd,3.1,32.0,3.1,696.0,1080.0,2246.0,23800.0,25.27777777777778,199.99,749.99,2.2956482279869372,-1
2024.0,512.0,honor,6.78,oled,2.6,12.0,2.57,254.42,2700.0,1224.0,5000.0,19.33333333333333,199.99,529.0,1.323388912460163,1
2024.0,256.0,apple,6.1,xdr,2.5,12.0,2.57,254.42,1080.0,2400.0,2815.0,81.89189189189189,499.99,470.0,1.0638147253201127,1
2024.0,128.0,honor,6.57,amoled,2.4,6.0,7.78,175.0,1080.0,2400.0,4300.0,64.65116279069768,339.0,339.0,0.4874720386193233,1
2024.0,256.0,realme,6.7,amoled,2.6,8.0,4.0,200.0,1080.0,2400.0,5000.0,43.80952380952381,359.99,225.99,-0.009722518816220202,1
2024.0,128.0,samsung,6.7,amoled,2.8,8.0,0.78,304.0,1080.0,2400.0,4800.0,11.666666666666666,399.99,389.0,0.7074501633142811,1
2024.0,256.0,doogee,6.56,lcd,14.1,16.0,2.57,254.42,720.0,1612.0,5150.0,7.857142857142857,199.99,149.99,-0.34408926835255604,1
2025.0,256.0,doogee,6.6,lcd,2.8,8.0,1.58,362.0,1080.0,2400.0,10300.0,16.363636363636363,219.99,169.99,-0.2560980184745729,1
2023.0,128.0,oukitel,6.56,lcd,17.9,12.0,0.92,199.0,1280.0,720.0,5150.0,442.1951219512196,119.99,109.99,-0.5200717681085223,1
2024.0,256.0,nubia,6.9,oled,2.4,8.0,0.7,209.0,2790.0,1188.0,3290.0,6.96969696969697,199.99,499.0,1.1914020376431884,1
2024.0,256.0,doogee,6.52,lcd,1.6,4.0,0.91,193.0,720.0,1600.0,20.0,83.82352941176471,199.99,89.99,-0.6080630179865055,1
2024.0,256.0,samsung,6.67,superamoled,3.0,8.0,2.57,254.42,2560.0,1440.0,5000.0,13.428571428571429,499.0,379.0,0.6634545383752896,1
2024.0,256.0,honor,6.7,amoled,3.0,8.0,2.57,254.42,2412.0,1080.0,4500.0,1.351351351351351,499.99,207.0,-0.0932702105753652,1
2025.0,256.0,xiaomi,6.67,amoled,2.5,8.0,0.84,190.0,1500.0,750.0,5110.0,0.4444444444444444,243.74,236.7,0.03739679549343966,1
2024.0,128.0,oukitel,6.52,lcd,32.3,16.0,2.57,254.42,1280.0,720.0,4300.0,67.67441860465117,119.99,89.99,-0.6080630179865055,1
2024.0,256.0,google,6.7,amoled,3.1,12.0,0.85,210.0,2560.0,1440.0,5060.0,101.6279069767442,1299.0,1079.0,3.7431482841046986,-1
2024.0,256.0,motorola,6.67,amoled,3.1,8.0,11.42,340.0,1080.0,2160.0,5000.0,20.97560975609756,249.0,249.0,0.09151141416839932,1
2025.0,64.0,xgody,5.5,lcd,1.5,16.0,2.57,254.42,1080.0,2400.0,2850.0,2.0,64.99,64.99,-0.7180520803339844,1
2024.0,256.0,realme,6.4,lcd,2.0,8.0,4.0,370.0,1600.0,720.0,5000.0,36.75,199.99,129.97,-0.4321685094804172,1
2024.0,256.0,honor,6.78,amoled,2.4,8.0,2.57,254.42,2652.0,1200.0,5300.0,9.30232558139535,229.9,229.9,0.007479770534925481,1
2024.0,256.0,oscal,6.56,lcd,2.2,8.0,0.87,193.0,1280.0,720.0,5000.0,5.9523809523809526,399.0,199.99,-0.12411114365759825,1
2025.0,256.0,blackview,6.67,lcd,3.0,18.0,2.57,254.42,1080.0,2400.0,15000.0,7.777777777777778,199.99,209.99,-0.08011551871860668,1
2024.0,512.0,xiaomi,6.67,amoled,2.5,12.0,2.57,254.42,1080.0,2400.0,6000.0,58.83720930232558,429.9,399.99,0.7558013551222329,1
2024.0,128.0,google,6.1,amoled,3.2,8.0,0.89,187.0,1080.0,2400.0,4404.0,225.7142857142857,549.0,399.0,0.7514457882532727,1
2019.0,256.0,oppo,6.55,amoled,1.0,12.0,2.57,254.42,1080.0,1920.0,5000.0,0.6,191.0,191.0,-0.1636632104777517,1
2024.0,256.0,motorola,6.67,oled,2.9,12.0,0.86,197.0,2400.0,1080.0,4600.0,25.0,549.0,941.99,3.140364226815575,1
2024.0,128.0,oscal,6.52,lcd,1.6,4.0,0.93,192.0,1280.0,720.0,4700.0,47.27272727272727,89.99,89.99,-0.6080630179865055,1
2024.0,64.0,motorola,6.56,lcd,2.9,4.0,2.57,254.42,1600.0,720.0,5000.0,21.25,109.0,69.0,-0.7004098347334486,1
2024.0,128.0,doogee,6.56,lcd,1.6,9.0,0.86,186.0,720.0,1600.0,5150.0,14.871794871794872,129.99,89.99,-0.6080630179865055,1
2024.0,256.0,doogee,6.56,lcd,16.3,4.0,0.86,186.0,1080.0,2400.0,5150.0,8.666666666666666,149.99,119.99,-0.47607614316953073,1
2023.0,64.0,zokoe,3.0,lcd,1.3,3.0,1.25,84.0,480.0,854.0,3.0,22.35294117647059,499.99,79.99,-0.652058642925497,1
2024.0,512.0,xiaomi,6.67,amoled,3.4,12.0,2.57,254.42,1500.0,750.0,5000.0,2.619047619047619,349.9,299.9,0.31544914510786626,1
2024.0,256.0,oppo,6.7,lcd,1.0,8.0,0.77,186.0,1280.0,720.0,5100.0,18.857142857142858,249.0,229.0,0.0035201642904162164,1
2024.0,128.0,shieldon,6.3,lcd,0.5,32.0,1.7,85.0,1080.0,2400.0,800.0,6.511627906976744,37.99,37.99,-0.8368402676692615,1
2024.0,128.0,samsung,2.64,lcd,2.8,8.0,2.57,254.42,2400.0,1080.0,5000.0,1.3888888888888888,199.0,179.0,-0.21645796040454157,1
2024.0,128.0,google,6.1,amoled,3.1,8.0,0.9,194.0,1080.0,2400.0,5000.0,242.43902439024396,199.99,259.0,0.13550703910739087,1
2024.0,128.0,ulefone,6.56,lcd,4.3,6.0,0.86,192.0,1280.0,1080.0,5000.0,10.930232558139537,399.0,79.99,-0.652058642925497,1
2022.0,128.0,blackview,6.5,amoled,2.0,8.0,0.9,184.0,1080.0,2400.0,5180.0,16.82926829268293,199.99,119.99,-0.47607614316953073,1
2025.0,256.0,xiaomi,6.67,amoled,2.9,8.0,2.57,254.42,1080.0,2400.0,5500.0,2.0408163265306123,186.0,175.88,-0.23018459538550695,1
2024.0,256.0,orico,6.67,amoled,3.1,8.0,1.1,53.0,1080.0,2400.0,5000.0,37.44186046511628,129.99,229.99,0.00787573115937642,1
2024.0,512.0,doogee,6.78,lcd,2.5,12.0,1.58,383.0,1080.0,2400.0,8680.0,7.083333333333334,569.99,399.99,0.7558013551222329,1
2024.0,128.0,oukitel,6.52,lcd,1.6,127.0,0.9,460.0,1520.0,720.0,4300.0,66.59090909090908,99.99,79.99,-0.652058642925497,-1
2024.0,128.0,doogee,5.58,lcd,1.8,8.0,2.57,254.42,1440.0,720.0,6300.0,55.8974358974359,149.99,118.99,-0.4804757056634299,1
2023.0,256.0,motorola,6.5,lcd,2.2,8.0,0.8,174.0,1080.0,2400.0,5000.0,281.55555555555554,199.99,174.0,-0.23845577287403733,1
2024.0,128.0,cubot,6.56,lcd,14.1,16.0,1.28,268.0,720.0,1612.0,5100.0,17.94871794871795,159.99,149.99,-0.34408926835255604,1
2024.0,512.0,8849pro,6.79,lcd,3.0,18.0,2.57,254.42,1920.0,1080.0,23800.0,1.0416666666666667,199.99,859.99,2.7796001023158445,-1
2024.0,128.0,apple,5.4,oled,3.1,8.0,2.57,254.42,1080.0,2400.0,5000.0,1874.2857142857144,499.99,259.0,0.13550703910739087,1
2018.0,128.0,apple,6.1,xdr,3.2,6.0,2.57,254.42,1080.0,2400.0,2815.0,352.85714285714283,499.99,370.0,0.6238584759301972,1
2024.0,256.0,xiaomi,6.67,amoled,2.2,8.0,2.57,254.42,2400.0,1080.0,5000.0,209.7674418604651,1299.0,193.34,-0.15336823424202764,1
2024.0,256.0,ulefone,6.78,lcd,2.0,12.0,0.88,211.6,1080.0,2460.0,19.0,17.692307692307693,249.99,179.99,-0.21210239353558136,1
2025.0,256.0,oscal,6.56,lcd,3.0,8.0,0.87,193.0,1080.0,2400.0,5000.0,5.9523809523809526,329.99,199.99,-0.12411114365759825,1
2024.0,256.0,honor,6.7,lcd,2.2,8.0,28.0,179.0,1080.0,2388.0,4500.0,114.04761904761904,299.0,199.4,-0.12670688552899875,1
2024.0,256.0,samsung,6.3,amoled,2.9,12.0,2.57,254.42,1440.0,3200.0,4000.0,1.2,969.0,969.0,3.2591964097757913,-1
2024.0,512.0,honor,6.7,oled,3.0,12.0,2.57,254.42,1080.0,2400.0,5200.0,1.2,199.99,375.0,0.6458562883996929,1
2024.0,512.0,xiaomi,6.67,amoled,0.0,12.0,2.57,254.42,1920.0,1080.0,5000.0,106.9047619047619,199.99,199.9,-0.12450710428204918,1
2024.0,256.0,xiaomi,6.67,amoled,2.5,12.0,2.57,254.42,2560.0,1440.0,5000.0,122.72727272727272,199.99,469.0,1.0594151628262136,1
2024.0,128.0,samsung,6.7,amoled,1.8,4.0,1.2,270.0,720.0,1600.0,3600.0,10.714285714285714,149.99,134.9,-0.4104786663854943,1
2024.0,512.0,asus,6.78,amoled,3.2,16.0,0.91,225.0,2400.0,1080.0,5500.0,28.5,1229.99,976.6,3.292633084729425,-1
2025.0,256.0,doogee,6.56,lcd,2.4,16.0,6.0,343.0,1920.0,1080.0,10400.0,13.77777777777778,329.99,319.99,0.4038363556103004,1
2024.0,128.0,samsung,6.5,superamoled,2.3,6.0,0.84,187.0,1080.0,2400.0,4500.0,1287.0454545454545,349.0,278.99,0.22345429336043504,1
2025.0,128.0,oukitel,6.67,lcd,1.6,16.0,0.87,199.0,720.0,1600.0,5150.0,20.232558139534884,199.99,99.99,-0.564067393047514,1
2024.0,128.0,gegong,5.8,lcd,0.5,4.0,2.57,254.42,1920.0,1080.0,4000.0,7.6,36.99,36.99,-0.8412398301631606,1
2024.0,256.0,xiaomi,6.67,amoled,2.4,12.0,2.57,254.42,1080.0,2400.0,5100.0,592.2222222222222,199.99,286.83,0.2579468633126043,1
2024.0,512.0,xiaomi,6.67,amoled,2.9,12.0,6.0,520.0,1080.0,2400.0,5000.0,17.857142857142858,313.61,191.0,-0.1636632104777517,1
2024.0,256.0,xiaomi,6.6,lcd,3.0,8.0,2.57,254.42,2400.0,1080.0,5000.0,645.9090909090909,233.17,209.0,-0.0844710855875669,1
2024.0,128.0,xiaomi,6.56,lcd,2.0,4.0,0.82,198.5,2460.0,1080.0,5000.0,331.1904761904762,108.95,101.0,-0.5596238349286757,1
2024.0,256.0,apple,6.1,xdr,2.5,12.0,2.57,254.42,1080.0,2400.0,2815.0,302.7027027027027,499.99,473.0,1.07701341280181,1
2021.0,64.0,xiaomi,6.58,lcd,2.2,4.0,2.57,254.42,1080.0,2400.0,5000.0,0.4444444444444444,193.95,193.95,-0.15068450112074924,1
2023.0,256.0,xiaomi,6.74,lcd,14.9,8.0,2.57,254.42,1080.0,2400.0,5000.0,184.88372093023256,179.0,138.27,-0.3956521407810541,1
2023.0,128.0,ulefone,5.45,amoled,2.0,3.0,1.43,257.0,720.0,1440.0,4860.0,15.952380952380953,199.99,119.99,-0.47607614316953073,1
2024.0,128.0,motorola,6.6,lcd,17.2,6.0,0.8,380.0,2400.0,1080.0,5000.0,3.414634146341464,329.99,113.69,-0.5037933868810954,1
2024.0,64.0,oukitel,6.6,lcd,21.8,8.0,2.57,254.42,1080.0,2400.0,4300.0,195.3658536585366,569.99,99.99,-0.564067393047514,1
2024.0,256.0,xiaomi,6.88,lcd,19.4,8.0,0.82,200.0,720.0,1640.0,18.0,26.22222222222222,122.22,106.0,-0.5376260224591799,1
2024.0,128.0,oukitel,6.52,lcd,1.6,16.0,1.74,370.0,1280.0,576.0,10600.0,72.14285714285714,199.99,159.99,-0.3000936434135645,1
2024.0,256.0,xiaomi,6.67,amoled,1.2,8.0,2.57,254.42,1920.0,1080.0,5030.0,1.5217391304347827,145.99,145.99,-0.36168751832815266,1
2024.0,256.0,blackview,6.78,lcd,2.2,16.0,2.57,254.42,2560.0,1440.0,5000.0,26.58536585365854,199.99,159.99,-0.3000936434135645,1
2024.0,128.0,umidigi,6.53,lcd,2.0,6.0,1.29,510.0,1080.0,1920.0,6000.0,57.36842105263158,169.99,149.99,-0.34408926835255604,1
2024.0,128.0,dpofirs,6.7,lcd,3.0,8.0,2.57,254.42,1080.0,2400.0,4000.0,1.1904761904761905,549.0,226.42,-0.00783070694384366,1
2024.0,128.0,umidigi,6.7,lcd,2.8,16.0,0.8,195.0,1080.0,2400.0,5000.0,101.05263157894736,146.99,179.99,-0.21210239353558136,1
2024.0,512.0,xiaomi,6.67,amoled,2.8,12.0,2.57,254.42,1080.0,2400.0,5000.0,465.7142857142857,499.0,478.67,1.1019589321422185,1
2025.0,128.0,blackview,6.56,lcd,33.2,12.0,2.57,254.42,1080.0,2400.0,5000.0,76.27906976744187,109.99,89.0,-0.6124185848554655,1
2017.0,128.0,msmga,5.0,lcd,1.2,1.0,2.57,254.42,1280.0,720.0,3000.0,65.66666666666667,149.99,55.99,-0.7576481427790767,1
2023.0,128.0,xiaomi,6.58,amoled,17.1,4.0,8.9,150.0,2048.0,1080.0,3600.0,11.052631578947368,134.89,114.0,-0.5024295225079867,1
2023.0,256.0,xiaomi,6.74,amoled,2.0,8.0,1.27,400.0,1080.0,2400.0,5000.0,337.7272727272727,124.99,119.99,-0.47607614316953073,1
2024.0,256.0,motorola,6.5,lcd,2.4,8.0,28.0,181.0,1080.0,2400.0,5000.0,189.53488372093025,499.99,194.99,-0.14610895612709401,1
2024.0,64.0,oukitel,6.6,lcd,4.3,8.0,2.57,254.42,720.0,1600.0,4300.0,31.818181818181817,99.99,79.99,-0.652058642925497,1
2024.0,256.0,vivo,6.67,amoled,2.2,8.0,0.78,188.0,2400.0,1080.0,5000.0,51.42857142857142,329.0,299.0,0.3114895388633571,1
2022.0,256.0,samsung,6.1,amoled,2.5,8.0,2.57,254.42,2400.0,1080.0,3700.0,42.14285714285714,499.99,449.99,0.9757794798171906,1
2024.0,256.0,cubot,6.95,lcd,3.1,24.0,2.57,254.42,1080.0,2460.0,5100.0,10.0,199.99,329.99,0.44783198054929196,1
2024.0,64.0,blackview,6.56,lcd,4.3,6.0,2.57,254.42,720.0,1612.0,18.0,56.04651162790698,199.99,80.99,-0.6476590804315979,1
2024.0,256.0,xiaomi,6.67,amoled,2.2,12.0,2.57,254.42,1440.0,2560.0,5100.0,1273.4883720930234,329.9,329.9,0.4474360199248409,1
2024.0,256.0,vivo,6.67,amoled,2.4,8.0,0.78,191.0,1080.0,1920.0,5000.0,12.325581395348838,199.99,229.0,0.0035201642904162164,1
2024.0,128.0,joyzap,3.0,lcd,1.3,2.0,1.26,137.0,360.0,640.0,900.0,2.8125,199.99,49.99,-0.7840455177424716,1
2024.0,128.0,xiaomi,6.88,lcd,60.0,4.0,2.57,254.42,2340.0,1080.0,5000.0,12.666666666666666,121.96,85.81,-0.6264531892110039,-1
2024.0,128.0,doogee,5.5,lcd,1.6,8.0,1.62,470.0,1440.0,720.0,5000.0,5.428571428571429,199.99,119.99,-0.47607614316953073,1
2024.0,128.0,doogee,6.56,lcd,1.8,4.0,2.57,254.42,1080.0,1920.0,5000.0,0.9756097560975612,149.99,109.99,-0.5200717681085223,1
2013.0,256.0,doogee,6.52,lcd,32.3,20.0,0.91,430.0,1280.0,720.0,4200.0,15.172413793103448,89.99,89.99,-0.6080630179865055,-1
2024.0,128.0,panasonic,2.4,lcd,0.0,1.0,2.57,254.42,1280.0,720.0,3000.0,21.176470588235293,49.99,44.95,-0.8062193127117233,1
2024.0,128.0,xiaomi,6.56,lcd,2.0,2.0,0.78,194.0,1600.0,720.0,5000.0,200.8108108108108,129.0,85.38,-0.6283450010833805,1
2025.0,64.0,hipipooo,2.5,lcd,1.3,2.0,2.57,254.42,854.0,480.0,1000.0,45.88235294117647,199.99,62.0,-0.7312067721907427,1
2024.0,64.0,oukitel,6.52,lcd,1.8,16.0,2.57,254.42,1080.0,2400.0,10600.0,108.6046511627907,239.99,139.99,-0.38808489329154755,1
2024.0,128.0,xiaomi,2.71,lcd,2.0,8.0,8.2,500.0,1920.0,1080.0,5160.0,17.36842105263158,179.9,148.17,-0.35209647209145256,1
2023.0,64.0,zokoe,3.0,lcd,1.3,3.0,1.25,84.0,480.0,854.0,3.0,22.35294117647059,199.99,79.99,-0.652058642925497,1
2024.0,128.0,umidigi,6.75,lcd,2.0,12.0,0.79,189.0,1080.0,2400.0,5000.0,160.5263157894737,149.99,127.49,-0.4430794244652871,1
2025.0,128.0,blackview,6.56,lcd,16.4,4.0,2.57,254.42,1280.0,720.0,5000.0,25.23809523809524,329.99,129.99,-0.4320805182305391,1
2024.0,512.0,xiaomi,6.67,amoled,3.2,12.0,2.57,254.42,1440.0,3200.0,5000.0,2.619047619047619,523.33,398.0,0.7470462257593735,1
2024.0,256.0,oscal,6.78,lcd,2.2,24.0,0.83,198.0,1920.0,1080.0,5000.0,12.61904761904762,199.99,159.99,-0.3000936434135645,1
2024.0,512.0,poco,6.67,amoled,6.0,12.0,2.57,254.42,1080.0,2400.0,5000.0,328.69565217391306,341.0,279.99,0.2278538558543342,1
2024.0,128.0,oscal,6.75,lcd,2.0,8.0,0.87,195.0,1280.0,720.0,5180.0,18.636363636363637,239.99,139.99,-0.38808489329154755,1
2024.0,128.0,cubot,6.75,lcd,1.8,12.0,2.57,254.42,720.0,1600.0,5100.0,15.25,129.99,99.99,-0.564067393047514,1
2024.0,256.0,samsung,6.5,superamoled,3.0,8.0,3.0,197.0,1080.0,2400.0,5000.0,302.27272727272725,149.99,205.87,-0.09824171619347123,1
2024.0,512.0,oneplus,6.74,oled,2.6,16.0,0.8,199.5,1080.0,2400.0,5500.0,53.86363636363636,599.0,499.0,1.1914020376431884,1
2024.0,128.0,vivo,6.68,lcd,14.4,4.0,0.8,390.0,1080.0,2400.0,6000.0,23.72093023255814,189.99,139.0,-0.39244046016050776,1
2024.0,256.0,doogee,6.56,lcd,3.1,20.0,6.0,269.0,1080.0,2400.0,15500.0,3.1818181818181817,289.99,229.99,0.00787573115937642,1
2024.0,256.0,oppo,6.7,amoled,3.0,16.0,2.57,254.42,1536.0,720.0,5910.0,22.32558139534884,1249.0,1249.0,4.491073908067555,-1
2025.0,512.0,doogee,6.6,lcd,2.4,24.0,2.57,254.42,1080.0,2400.0,10800.0,5.7142857142857135,399.99,319.99,0.4038363556103004,1
2024.0,256.0,realme,6.78,oled,3.0,12.0,2.57,254.42,1080.0,2400.0,6500.0,0.4444444444444444,329.99,769.0,2.3792839109959605,1
2024.0,512.0,xiaomi,6.67,amoled,2.2,12.0,2.57,254.42,1220.0,2712.0,5100.0,18.09523809523809,199.99,699.0,2.0713145364230194,1
2025.0,256.0,xiaomi,6.67,amoled,2.5,8.0,0.89,210.0,1500.0,720.0,5110.0,2.162162162162162,479.0,330.35,0.4494158230470957,1
2023.0,128.0,vivo,6.56,lcd,22.1,4.0,0.81,186.0,1080.0,2400.0,5000.0,59.76744186046512,129.0,99.0,-0.568422959916474,1
2024.0,128.0,msmga,5.0,lcd,1.3,1.0,2.57,254.42,1280.0,720.0,3000.0,20.571428571428573,57.99,57.99,-0.7488490177912783,1
2024.0,256.0,redmi,6.88,lcd,2.0,8.0,2.57,254.42,720.0,1640.0,5160.0,6.666666666666667,136.99,118.27,-0.4836433906590373,1
2025.0,256.0,nubia,6.85,amoled,4.3,12.0,0.86,228.0,2688.0,1216.0,6150.0,3.142857142857143,879.0,879.0,2.8632357853248673,-1
2024.0,256.0,xiaomi,6.74,amoled,16.4,8.0,2.57,254.42,1080.0,1920.0,5160.0,20.0,159.0,129.9,-0.4324764788549901,1
2024.0,64.0,sparkledot,1.8,lcd,0.0,32.0,2.57,254.42,1080.0,2400.0,800.0,4.146341463414634,299.99,16.98,-0.9292750756660828,1
2024.0,256.0,samsung,6.7,amoled,3.0,12.0,3.0,340.0,3808.0,2160.0,5000.0,128.86363636363637,1459.0,884.99,2.8895891646633234,-1
2024.0,128.0,winh,5.0,lcd,2.0,16.0,2.57,254.42,1920.0,1080.0,3000.0,20.571428571428573,55.22,55.22,-0.761035805899379,1
2024.0,128.0,zunate,4.66,lcd,17.4,32.0,2.57,254.42,1080.0,2400.0,2800.0,1.3333333333333333,112.25,112.25,-0.5101287568723102,1
2024.0,128.0,samsung,6.4,superamoled,2.8,8.0,12.0,310.0,1080.0,2400.0,4500.0,23.55555555555556,349.99,349.99,0.5358232304272751,1
2024.0,256.0,motorola,6.6,lcd,16.4,6.0,2.57,254.42,2400.0,1080.0,5000.0,0.9523809523809524,129.0,129.0,-0.4364360850994993,1
2024.0,256.0,oppo,2.63,amoled,3.4,8.0,2.57,254.42,1080.0,2400.0,5000.0,2.291666666666667,499.99,299.0,0.3114895388633571,1
2023.0,256.0,motorola,6.67,oled,2.9,8.0,0.76,170.0,2400.0,1080.0,5000.0,23.953488372093023,1299.0,198.0,-0.13286627302045761,1
2023.0,256.0,motorola,6.5,lcd,2.2,8.0,0.8,174.0,1080.0,2400.0,5000.0,26.904761904761905,174.99,174.99,-0.23410020600507714,1
2024.0,256.0,oppo,6.7,amoled,2.6,8.0,0.75,177.0,2412.0,1080.0,3600.0,99.04761904761904,199.99,217.59,-0.04667884376497313,1
2024.0,128.0,blackview,6.56,lcd,2.3,18.0,0.82,438.0,1080.0,2400.0,18.0,55.238095238095234,169.99,149.99,-0.34408926835255604,1
2024.0,256.0,oukitel,6.0,lcd,2.8,24.0,1.5,268.0,576.0,1152.0,6300.0,13.18181818181818,199.99,179.99,-0.21210239353558136,1
2024.0,256.0,motorola,0.39,lcd,2.8,12.0,0.8,177.0,1080.0,2400.0,5000.0,120.46511627906978,249.0,181.03,-0.20752684854192627,1
2024.0,128.0,dpofirs,2.5,lcd,1.0,1.0,2.57,254.42,480.0,270.0,3000.0,2.333333333333333,149.99,59.03,-0.7442734727976232,1
2024.0,64.0,umidigi,6.75,lcd,1.6,4.0,0.79,189.0,1920.0,1080.0,5000.0,31.38888888888889,99.99,84.99,-0.6300608304560013,1
2024.0,128.0,hammer h,2.4,lcd,20.7,0.0,7.0,350.0,1080.0,2400.0,3500.0,66.92307692307692,199.99,100.34,-0.5625275461746491,1
2024.0,256.0,realme,6.78,amoled,2.6,12.0,2.57,254.42,1080.0,2400.0,5500.0,108.4090909090909,199.99,606.63,1.6649269488615543,1
2024.0,128.0,pusokei,1.77,led,1.2,16.0,2.57,254.42,1080.0,2400.0,3000.0,21.176470588235293,199.99,48.27,-0.7916127652319781,1
2023.0,64.0,ulefone,5.45,lcd,2.2,8.0,2.57,254.42,1080.0,2400.0,4860.0,22.857142857142858,113.99,113.99,-0.5024735181329257,1
2024.0,512.0,8849,6.79,lcd,2.6,12.0,2.57,254.42,1080.0,2400.0,23800.0,1.5909090909090908,559.99,559.99,1.459731354146098,-1
2024.0,128.0,doogee,6.52,lcd,1.8,4.0,2.57,254.42,540.0,1200.0,5000.0,1.794871794871795,79.99,79.99,-0.652058642925497,1
2024.0,512.0,xiaomi,6.67,amoled,3.4,12.0,2.57,254.42,1220.0,2712.0,5000.0,2.619047619047619,321.0,302.0,0.32468822634505456,1
2024.0,256.0,xiaomi,6.67,amoled,2.4,8.0,2.57,254.42,2400.0,1080.0,5000.0,3.111111111111111,499.99,319.99,0.4038363556103004,1
2024.0,128.0,msmga,5.0,lcd,1.2,1.0,2.57,254.42,1280.0,720.0,3000.0,20.571428571428573,59.99,56.99,-0.7532485802851775,1
2018.0,128.0,hyrich,5.0,lcd,1.2,1.0,2.57,254.42,1280.0,720.0,3000.0,88.92857142857143,199.99,55.99,-0.7576481427790767,1
2024.0,256.0,samsung,6.67,amoled,3.4,8.0,2.57,254.42,1080.0,2340.0,5000.0,21.666666666666664,10.4,297.0,0.3026904138755588,1
2024.0,256.0,doogee,6.56,lcd,14.1,16.0,0.86,186.0,1080.0,2400.0,5149.0,11.86046511627907,149.99,149.99,-0.34408926835255604,1
2024.0,128.0,google,6.1,amoled,2.5,8.0,0.89,187.0,1080.0,2400.0,4404.0,225.7142857142857,549.0,399.0,0.7514457882532727,1
2025.0,256.0,xiaomi,6.67,amoled,2.5,8.0,0.83,200.0,2560.0,1500.0,6000.0,5.405405405405405,318.0,301.63,0.32306038822231187,1
2024.0,128.0,xiaomi,6.5,lcd,15.5,4.0,0.78,500.0,1080.0,2400.0,5000.0,42.55813953488372,199.99,128.28,-0.4396037700951067,1
2024.0,128.0,samsung,6.5,superamoled,2.4,4.0,2.0,200.0,1920.0,1080.0,5000.0,314.8888888888889,197.27,163.19,-0.2860150434330872,1
2024.0,512.0,doogee,6.6,amoled,3.2,32.0,2.57,254.42,1920.0,1080.0,5000.0,2.619047619047619,329.99,279.99,0.2278538558543342,1
2024.0,64.0,azuiqimeng,1.8,lcd,0.9,32.0,2.57,254.42,128.0,160.0,800.0,7.36842105263158,29.99,29.99,-0.8720367676204547,-1
2024.0,512.0,oneplus,6.82,amoled,3.2,16.0,6.1,500.0,1080.0,2400.0,5000.0,75.77777777777777,1099.0,853.28,2.750079037981781,-1
2024.0,256.0,blackview,6.56,amoled,34.5,16.0,2.57,254.42,1600.0,720.0,18.0,64.14634146341464,199.99,84.99,-0.6300608304560013,-1
2024.0,128.0,oukitel,6.8,lcd,2.2,1.0,0.91,208.0,720.0,1600.0,5150.0,12.608695652173914,199.99,189.99,-0.1681067685965898,1
2024.0,256.0,oppo,6.7,amoled,2.0,8.0,0.77,25.0,1080.0,2400.0,5000.0,17.619047619047617,199.99,195.07,-0.14575699112758217,1
2024.0,256.0,xiaomi,6.67,amoled,2.4,8.0,2.57,254.42,1080.0,2340.0,5000.0,1.1904761904761905,18.01,249.99,0.09586698103735954,1
2024.0,64.0,realme,6.74,lcd,1.8,3.0,4.0,370.0,720.0,1600.0,5000.0,108.33333333333331,149.99,111.56,-0.5131644549931006,1
2023.0,256.0,unihertz,3.0,lcd,2.2,8.0,1.87,116.0,480.0,800.0,2000.0,118.8372093023256,199.99,209.99,-0.08011551871860668,1
2024.0,256.0,xiaomi,6.79,lcd,0.0,8.0,2.57,254.42,1280.0,720.0,33.0,70.46511627906978,199.0,138.0,-0.39684002265440693,1
2022.0,128.0,google,6.3,oled,3.1,8.0,0.87,195.5,1080.0,2400.0,4355.0,33.33333333333333,199.99,219.99,-0.036119893779615136,1
2024.0,512.0,tcl,6.6,amoled,3.1,8.0,2.57,254.42,2460.0,1080.0,5000.0,1.1904761904761905,279.99,237.21,0.039640572365328315,1
2024.0,128.0,oppo,6.56,lcd,2.0,8.0,0.77,186.0,1080.0,2400.0,3600.0,5.9375,115.0,115.0,-0.4980299600140875,1
2024.0,128.0,fossibot,5.45,amoled,2.0,15.0,2.03,340.0,1280.0,720.0,10600.0,7.441860465116279,199.99,179.99,-0.21210239353558136,1
2024.0,256.0,realme,6.67,lcd,2.0,8.0,0.76,300.0,1604.0,720.0,5000.0,1.1111111111111112,138.99,124.99,-0.45407833070003495,1
2024.0,512.0,xiaomi,6.67,amoled,2.2,12.0,2.57,254.42,2400.0,1080.0,5000.0,59.77272727272727,199.99,299.99,0.3158451057323173,1
2024.0,256.0,samsung,6.7,amoled,2.7,8.0,0.69,183.0,1080.0,2400.0,5000.0,15.384615384615383,629.99,629.99,1.7677007287190387,1
2024.0,256.0,oukitel,6.6,lcd,2.2,24.0,1.49,360.0,1080.0,2220.0,11000.0,90.88888888888889,325.99,309.99,0.35984073067130884,1
2024.0,128.0,samsung,2.64,lcd,13.9,8.0,2.57,254.42,2400.0,1080.0,5000.0,1.3888888888888888,150.14,150.14,-0.34342933397847125,1
2024.0,256.0,xiaomi,6.67,oled,3.1,8.0,2.57,254.42,2340.0,1080.0,18.0,10.0,399.0,257.57,0.12921566474111507,1
2024.0,512.0,doogee,6.58,lcd,2.2,20.0,2.57,254.42,1080.0,2408.0,10800.0,124.76190476190476,319.99,259.99,0.13986260597635108,1
2024.0,64.0,samsung,6.7,amoled,2.4,4.0,2.57,254.42,1080.0,2160.0,5000.0,150.2325581395349,124.84,112.4,-0.5094688224982253,1
2024.0,256.0,nothing,6.7,amoled,3.0,12.0,0.85,190.0,1084.0,2412.0,5000.0,316.3636363636363,429.0,399.0,0.7514457882532727,1
2024.0,128.0,oukitel,6.52,lcd,1.6,4.0,0.9,450.0,1600.0,720.0,4300.0,66.59090909090908,99.99,79.99,-0.652058642925497,1
2024.0,256.0,xiaomi,6.67,amoled,2.4,12.0,2.57,254.42,1080.0,2400.0,5000.0,70.22727272727272,199.99,399.0,0.7514457882532727,1
2024.0,64.0,samsung,7.7,lcd,15.5,4.0,3.0,195.0,1080.0,2400.0,5000.0,46.74418604651163,127.57,127.57,-0.44272745946577513,1
2024.0,64.0,blackview,6.1,lcd,2.3,12.0,2.57,254.42,720.0,1560.0,6580.0,82.14285714285714,199.99,123.99,-0.4584778931939341,1
2024.0,256.0,oukitel,6.52,hd,1.6,24.0,2.57,254.42,1080.0,2400.0,10600.0,149.77272727272725,199.99,149.99,-0.34408926835255604,1
2024.0,256.0,motorola,6.55,amoled,0.0,12.0,2.57,254.42,2640.0,1080.0,5000.0,1.1904761904761905,399.0,230.0,0.007919726784315372,1
2024.0,128.0,spc,5.0,lcd,1.2,32.0,1.9,108.0,320.0,240.0,800.0,15.5,48.99,48.99,-0.7884450802363707,-1
2022.0,128.0,oukitel,6.52,lcd,2.9,8.0,1.59,610.0,1080.0,2400.0,10000.0,4.722222222222222,199.0,199.0,-0.12846671052655845,1
2025.0,128.0,oukitel,6.52,lcd,32.3,16.0,2.57,254.42,576.0,1280.0,4300.0,67.67441860465117,119.99,89.99,-0.6080630179865055,1
2018.0,128.0,oneplus,6.7,lcd,2.8,8.0,0.87,197.0,3168.0,1440.0,4500.0,1019.7674418604652,860.81,860.81,2.7832077435608413,-1
2024.0,512.0,xiaomi,6.67,amoled,2.5,12.0,2.57,254.42,3200.0,1440.0,5000.0,122.72727272727272,629.9,399.99,0.7558013551222329,1
2024.0,256.0,xiaomi,6.67,amoled,2.2,8.0,0.79,500.0,2400.0,1080.0,5000.0,106.9047619047619,199.99,199.99,-0.12411114365759825,1
2024.0,256.0,doogee,6.58,lcd,1.6,8.0,1.1,450.0,1080.0,2340.0,5150.0,21.16279069767442,199.99,239.99,0.051871356098367974,1
2024.0,64.0,spc,2.8,lcd,1.0,1.0,2.57,254.42,1080.0,2400.0,3000.0,20.571428571428573,69.9,59.99,-0.74004989280348,1
2024.0,128.0,oukitel,6.8,lcd,2.2,24.0,2.57,254.42,1824.0,3996.0,5150.0,68.09523809523809,199.99,189.99,-0.1681067685965898,1
2024.0,64.0,volfen,2.8,led,1.3,32.0,8.21,368.0,320.0,240.0,800.0,0.8888888888888888,29.99,29.99,-0.8720367676204547,-1
2024.0,128.0,xiaomi,6.71,lcd,2.2,4.0,2.57,254.42,1650.0,720.0,5000.0,13.076923076923077,94.0,86.0,-0.625617272337163,1
2023.0,128.0,ulefone,6.52,lcd,5.0,10.0,1.35,770.0,1920.0,1080.0,6300.0,27.38095238095238,169.99,149.99,-0.34408926835255604,1
2024.0,128.0,xiaomi,6.79,lcd,0.0,6.0,3.7,380.0,2220.0,1080.0,33.0,32.55813953488372,199.99,149.99,-0.34408926835255604,1
2024.0,128.0,blackview,4.3,lcd,2.0,12.0,2.57,254.42,1080.0,2400.0,5000.0,1.1904761904761905,169.99,169.99,-0.2560980184745729,1
2024.0,128.0,oppo,6.7,oled,2.0,6.0,0.8,192.0,1920.0,1080.0,5000.0,66.44444444444444,199.99,169.0,-0.26045358534353313,1
2023.0,256.0,oneplus,6.7,amoled,2.4,8.0,2.57,254.42,1080.0,2400.0,2500.0,11.25,199.99,324.97,0.4257461768299183,1
2024.0,256.0,xiaomi,0.39,amoled,3.1,8.0,6.0,190.0,1080.0,2400.0,5000.0,147.04545454545453,499.99,229.99,0.00787573115937642,1
2024.0,256.0,samsung,6.7,lcd,2.6,12.0,2.57,254.42,3840.0,2160.0,5000.0,167.5,549.0,1459.0,5.414982031786377,-1
2021.0,128.0,samsung,6.4,amoled,2.5,6.0,0.79,177.0,2340.0,1080.0,4500.0,103.11111111111111,13.99,368.5,0.6172591321893484,1
2024.0,128.0,oukitel,2.36,lcd,1.6,12.0,1.54,600.0,720.0,1440.0,6300.0,279.5238095238095,145.99,118.99,-0.4804757056634299,-1
2024.0,256.0,xiaomi,6.67,amoled,2.2,8.0,0.79,500.0,1080.0,2400.0,5000.0,54.99999999999999,199.99,189.0,-0.17246233546555,1
2024.0,128.0,realme,6.72,lcd,2.8,6.0,0.76,500.0,1080.0,2400.0,5000.0,121.59090909090908,199.99,119.42,-0.47858389379105326,1
2024.0,128.0,ciciglow,2.5,lcd,25.8,8.0,2.57,254.42,1080.0,2400.0,5000.0,0.8,94.68,94.68,-0.5874290698901183,1
2024.0,128.0,qrzrq,5.0,lcd,1.3,1.0,2.57,254.42,720.0,1280.0,3000.0,20.571428571428573,59.99,57.99,-0.7488490177912783,1
2024.0,128.0,motorola,6.5,lcd,14.3,4.0,2.57,254.42,1600.0,900.0,5000.0,0.9523809523809524,140.26,140.26,-0.3868970114181949,1
2024.0,256.0,xiaomi,6.67,amoled,2.2,8.0,2.57,254.42,2400.0,1080.0,5000.0,210.0,229.9,229.9,0.007479770534925481,1
2024.0,256.0,realme,6.7,amoled,3.1,8.0,2.57,254.42,1600.0,900.0,5000.0,1.1904761904761905,10.0,249.0,0.09151141416839932,1
2024.0,128.0,realme,6.4,amoled,2.2,6.0,2.57,254.42,1440.0,720.0,5000.0,1.1904761904761905,233.32,233.32,0.022526274264060536,1
2024.0,256.0,doogee,6.58,amoled,2.8,8.0,1.79,630.0,1920.0,1080.0,10800.0,11.555555555555555,189.99,179.99,-0.21210239353558136,1
2024.0,128.0,suaat,10.0,lcd,32.3,20.0,2.57,254.42,1080.0,2400.0,5000.0,4.634146341463415,115.99,89.66,-0.6095148736094921,1
2024.0,128.0,ulefone,6.56,lcd,4.3,6.0,0.87,490.0,1280.0,720.0,5000.0,22.75,89.99,79.99,-0.652058642925497,1
2024.0,64.0,zte,5.0,lcd,0.0,2.0,8.5,200.0,1280.0,720.0,5000.0,1.3888888888888888,199.99,69.0,-0.7004098347334486,1
2024.0,64.0,ulefone,6.1,lcd,2.0,3.0,2.57,254.42,720.0,1560.0,5000.0,4.634146341463415,146.99,99.99,-0.564067393047514,1
2024.0,128.0,ulefone,6.52,amoled,1.6,4.0,0.87,184.0,1280.0,720.0,4400.0,52.0,199.99,139.99,-0.38808489329154755,1
2023.0,1000.0,cubot,6.58,lcd,2.2,24.0,1.77,390.0,1920.0,1080.0,10600.0,85.5,199.99,229.99,0.00787573115937642,-1
2024.0,512.0,xiaomi,6.67,amoled,0.0,12.0,2.57,254.42,1080.0,2400.0,5000.0,2.058823529411765,429.0,429.0,0.8834326630702474,1
2024.0,128.0,doogee,5.5,lcd,1.6,8.0,1.6,262.0,1280.0,720.0,6300.0,50.75,159.99,116.0,-0.49363039752018834,1
2022.0,256.0,blackview,6.7,amoled,2.2,12.0,2.28,516.0,1080.0,1920.0,15080.0,14.35897435897436,199.99,349.99,0.5358232304272751,1
2024.0,256.0,blackview,6.67,amoled,2.0,24.0,0.87,200.0,1080.0,2400.0,5000.0,1.0,329.99,239.99,0.051871356098367974,1
2024.0,128.0,nokia,2.4,lcd,17.8,32.0,1.1,87.0,320.0,240.0,5000.0,1.0638297872340423,199.99,110.33,-0.5185759168605966,-1
2024.0,64.0,oukitel,6.6,lcd,21.8,8.0,2.57,254.42,720.0,1600.0,4300.0,31.818181818181817,199.99,99.99,-0.564067393047514,1
2024.0,128.0,samsung,6.6,amoled,2.4,6.0,0.9,222.0,1080.0,2340.0,6000.0,399.75609756097566,230.51,209.5,-0.08227130434061732,1
2024.0,128.0,motorola,6.6,lcd,2.0,8.0,0.8,380.0,2400.0,1080.0,5000.0,3.414634146341464,199.99,126.99,-0.44527920571223667,1
2024.0,256.0,samsung,6.67,amoled,2.9,8.0,2.57,254.42,1080.0,2400.0,5000.0,101.5217391304348,199.99,681.49,1.9942781971548453,1
2023.0,128.0,oukitel,6.56,lcd,17.9,12.0,0.92,199.0,720.0,1600.0,5150.0,442.1951219512196,119.99,109.99,-0.5200717681085223,1
2024.0,256.0,samsung,6.2,amoled,3.0,8.0,2.57,254.42,1080.0,2400.0,5000.0,19.069767441860467,969.0,799.0,2.511270785812935,1
2024.0,2048.0,ulefone,6.78,lcd,14.1,12.0,0.88,350.0,1080.0,2400.0,5000.0,3.75,149.99,149.99,-0.34408926835255604,1
2024.0,256.0,doogee,6.56,lcd,1.6,20.0,2.57,254.42,720.0,1612.0,5000.0,1.1904761904761905,279.99,199.99,-0.12411114365759825,1
2024.0,256.0,oscal,6.67,amoled,1.8,18.0,2.57,254.42,1080.0,2400.0,5000.0,1.1904761904761905,229.99,229.99,0.00787573115937642,1
2024.0,256.0,samsung,6.5,lcd,2.0,8.0,2.0,200.0,1600.0,720.0,5000.0,216.13636363636363,182.07,169.99,-0.2560980184745729,1
2024.0,128.0,blackview,6.75,lcd,2.0,16.0,2.57,254.42,1080.0,2400.0,18.0,18.57142857142857,199.99,119.99,-0.47607614316953073,1
2024.0,128.0,xiaomi,6.88,lcd,8.0,8.0,2.57,254.42,1640.0,720.0,5160.0,4.468085106382978,155.0,139.99,-0.38808489329154755,1
2024.0,64.0,blackview,6.56,amoled,1.6,2.0,0.87,193.0,720.0,1612.0,5000.0,3.72093023255814,99.99,99.99,-0.564067393047514,1
2024.0,256.0,blackview,6.7,amoled,2.2,8.0,2.28,516.0,1080.0,2388.0,15080.0,5.0,329.99,280.49,0.23005363710128376,1
2024.0,64.0,motorola,6.56,lcd,1.2,2.0,0.8,180.0,1080.0,2400.0,5000.0,59.06976744186047,75.9,75.9,-0.6700528535255444,1
2024.0,64.0,ulefone,5.45,lcd,2.2,12.0,1.3,300.0,720.0,1440.0,6320.0,63.5,169.99,149.99,-0.34408926835255604,1
2024.0,128.0,panasonic,2.4,led,0.0,1.0,1.18,102.0,1280.0,720.0,1400.0,229.7368421052632,49.99,44.95,-0.8062193127117233,1
2025.0,256.0,doogee,4.5,lcd,2.2,15.0,2.57,254.42,1080.0,2400.0,3000.0,15.365853658536588,209.99,169.99,-0.2560980184745729,1
2024.0,256.0,doogee,6.58,amoled,3.1,20.0,2.57,254.42,2000.0,1125.0,10800.0,13.25,229.99,229.99,0.00787573115937642,1
2025.0,256.0,blackview,6.67,lcd,2.8,24.0,2.57,254.42,1080.0,2400.0,5000.0,24.318181818181817,209.99,170.99,-0.25169845598067375,1
2025.0,256.0,xiaomi,6.67,amoled,2.5,8.0,0.88,210.0,2712.0,1220.0,5110.0,2.25,479.0,336.33,0.47572520676061253,1
2024.0,128.0,oneplus,0.39,lcd,2.2,8.0,28.0,195.0,1080.0,2400.0,5000.0,145.11111111111111,9.0,189.0,-0.17246233546555,-1
2024.0,512.0,doogee,6.6,amoled,3.2,8.0,2.57,254.42,1080.0,2400.0,5000.0,2.619047619047619,279.99,279.99,0.2278538558543342,1
2023.0,256.0,ulefone,6.58,lcd,2.2,16.0,2.57,254.42,1920.0,1080.0,9600.0,23.5,499.99,269.99,0.18385823091534265,1
2024.0,128.0,tcl,2.4,lcd,32.3,4.0,28.0,143.0,1080.0,2400.0,5000.0,3.513513513513513,89.99,89.99,-0.6080630179865055,-1
2024.0,64.0,oukitel,6.6,lcd,21.8,8.0,2.57,254.42,720.0,1600.0,4300.0,31.818181818181817,199.99,99.99,-0.564067393047514,1
2024.0,1024.0,samsung,6.7,lcd,3.0,12.0,2.57,254.42,1080.0,2400.0,5000.0,182.72727272727272,1819.0,1819.0,6.998824529590073,-1
2024.0,128.0,xiaomi,6.71,lcd,2.0,4.0,0.88,192.0,1080.0,2400.0,5000.0,882.8571428571428,199.99,82.0,-0.6432155223127597,1
2024.0,256.0,doogee,6.56,lcd,1.6,9.0,0.86,186.0,720.0,1080.0,5150.0,56.05263157894737,129.99,89.99,-0.6080630179865055,1
2024.0,256.0,xiaomi,6.67,amoled,3.0,8.0,0.85,530.0,2400.0,1080.0,5000.0,127.60869565217392,18.81,279.99,0.2278538558543342,1
2024.0,256.0,xiaomi,6.67,amoled,2.5,8.0,2.57,254.42,720.0,1440.0,5000.0,122.72727272727272,449.9,339.99,0.4918276054882835,1
2024.0,128.0,xiaomi,6.88,lcd,120.0,4.0,0.82,204.0,1080.0,2400.0,5000.0,57.49999999999999,121.96,95.29,-0.5847453367688399,1
2024.0,256.0,tcl,6.8,lcd,3.0,16.0,0.9,192.0,1920.0,1080.0,5010.0,10.5,219.99,199.99,-0.12411114365759825,1
2024.0,128.0,xiaomi,6.67,amoled,2.4,6.0,28.0,500.0,1080.0,2400.0,5000.0,379.58333333333337,256.23,245.0,0.07391316419280271,-1
2024.0,64.0,trevi,1.77,lcd,0.8,1.0,1.35,240.0,1080.0,2400.0,1400.0,2.25,29.9,28.5,-0.8785921157363644,1
2024.0,128.0,doogee,6.56,lcd,1.6,9.0,0.86,186.0,720.0,1080.0,5150.0,14.871794871794872,129.99,89.99,-0.6080630179865055,1
2025.0,128.0,oukitel,6.52,lcd,1.6,16.0,2.57,254.42,1280.0,720.0,4300.0,67.67441860465117,119.99,85.49,-0.6278610492090517,1
2024.0,256.0,apple,6.1,xdr,2.5,12.0,2.57,254.42,1080.0,2400.0,2815.0,23.714285714285715,499.99,446.29,0.9595010985897638,1
2023.0,512.0,xiaomi,6.67,amoled,2.4,8.0,2.57,254.42,1080.0,2400.0,5000.0,2705.31914893617,207.66,189.0,-0.17246233546555,1
2024.0,128.0,goshyda,5.45,hd,1.3,1.0,2.57,254.42,460.0,960.0,2200.0,1.3888888888888888,159.99,123.38,-0.4611616263152126,1
2021.0,128.0,ulefone,6.52,amoled,2.0,3.0,5.5,189.0,720.0,1600.0,4500.0,35.26315789473684,199.99,99.99,-0.564067393047514,1
2024.0,128.0,elprico,5.45,lcd,1.2,32.0,2.57,254.42,1080.0,2400.0,3000.0,2.142857142857143,56.99,56.99,-0.7532485802851775,1
2024.0,256.0,xiaomi,6.58,fhd+,2.8,8.0,2.57,254.42,1920.0,1080.0,5000.0,25.853658536585368,181.06,181.06,-0.2073948616671093,1
2024.0,256.0,xiaomi,6.56,lcd,19.4,8.0,0.82,200.0,720.0,1640.0,18.0,26.22222222222222,120.0,105.91,-0.5380219830836308,1
2024.0,256.0,xiaomi,6.67,amoled,2.5,12.0,0.82,190.0,1080.0,2400.0,5000.0,168.0,499.99,303.43,0.33097960071133037,1
2024.0,128.0,xiaomi,6.67,amoled,2.0,6.0,2.57,254.42,1080.0,2400.0,5000.0,1007.6190476190476,499.99,182.11,-0.20277532104851512,1
2024.0,64.0,realme,6.74,lcd,1.8,3.0,0.76,360.0,1080.0,2400.0,5000.0,8.974358974358974,86.99,79.99,-0.652058642925497,1
2024.0,64.0,doogee,5.5,lcd,17.9,8.0,1.62,390.0,720.0,1440.0,6300.0,5.0,149.99,109.98,-0.5201157637334612,1
2024.0,256.0,oppo,6.67,lcd,3.0,8.0,2.57,254.42,1920.0,1080.0,5000.0,1.0416666666666667,499.99,209.0,-0.0844710855875669,1
2024.0,512.0,xiaomi,6.67,amoled,3.4,12.0,2.57,254.42,2712.0,1220.0,5000.0,0.4761904761904761,899.0,629.99,1.7677007287190387,1
2024.0,256.0,doogee,6.56,lcd,2.8,2.0,1.1,450.0,1080.0,2400.0,5150.0,21.16279069767442,239.99,169.99,-0.2560980184745729,1
2025.0,256.0,oukitel,6.7,amoled,2.2,24.0,0.82,454.0,2412.0,1080.0,5150.0,3.9583333333333335,329.99,260.0,0.13990660160129004,1
2024.0,128.0,oukitel,2.36,lcd,1.6,12.0,1.54,590.0,1440.0,720.0,6300.0,279.5238095238095,149.99,118.99,-0.4804757056634299,1
2025.0,256.0,oukitel,6.56,lcd,2.8,24.0,2.57,254.42,720.0,1600.0,5150.0,12.040816326530612,549.0,169.99,-0.2560980184745729,1
2024.0,256.0,google,6.1,amoled,2.5,8.0,0.89,187.0,1080.0,2400.0,4404.0,225.9523809523809,609.0,449.0,0.9714239129482304,1
2024.0,256.0,xiaomi,6.55,amoled,2.4,8.0,2.57,254.42,1080.0,2400.0,67.0,63.02325581395349,239.09,184.99,-0.19010458106608558,1
2024.0,512.0,xiaomi,6.43,amoled,2.0,8.0,2.57,254.42,2400.0,1080.0,1500.0,153.63636363636363,142.0,142.0,-0.3792417726788103,1
2018.0,128.0,motorola,6.5,lcd,2.0,8.0,2.57,254.42,1600.0,720.0,5000.0,18.78048780487805,549.0,145.99,-0.36168751832815266,1
2024.0,128.0,blackview,6.56,amoled,1.6,12.0,1.35,285.0,720.0,1612.0,5180.0,1.4,199.99,159.99,-0.3000936434135645,1
2020.0,128.0,samsung,6.5,amoled,2.3,4.0,2.57,254.42,720.0,1600.0,5000.0,1.3043478260869563,72.89,72.89,-0.6832955366321809,1
2024.0,128.0,samsung,6.7,lcd,15.7,4.0,0.88,195.0,1920.0,1080.0,5000.0,38.63636363636363,135.0,135.0,-0.4100387101361044,1
2024.0,128.0,oukitel,6.8,lcd,1.6,18.0,0.94,209.0,720.0,1600.0,5150.0,317.7272727272727,199.99,126.99,-0.44527920571223667,1
2024.0,256.0,nothing,6.7,amoled,2.8,12.0,0.85,190.0,1084.0,2412.0,5000.0,316.3636363636363,379.0,347.62,0.5253962673167341,1
2024.0,128.0,google,6.3,amoled,3.0,12.0,0.86,190.0,1080.0,1920.0,4650.0,56.97674418604652,1099.0,849.0,2.7312489105078925,1
2024.0,800.0,spc,1.8,led,0.0,32.0,1.4,74.0,1080.0,2400.0,800.0,64.61538461538461,21.9,18.98,-0.9204759506782845,-1
2025.0,256.0,doogee,6.56,lcd,3.1,8.0,6.0,430.0,1080.0,2400.0,15500.0,25.68181818181818,289.99,229.98,0.007831735534437343,1
2024.0,128.0,motorola,6.56,lcd,1.4,4.0,0.8,181.0,1280.0,720.0,5000.0,31.395348837209305,129.0,89.0,-0.6124185848554655,1
2024.0,128.0,oppo,6.56,lcd,2.0,4.0,0.77,190.0,720.0,1600.0,3600.0,4.418604651162791,115.0,115.0,-0.4980299600140875,1
2024.0,256.0,oneplus,6.74,amoled,2.0,12.0,0.8,199.5,1080.0,2400.0,5500.0,53.86363636363636,499.0,449.0,0.9714239129482304,1
2023.0,128.0,ulefone,6.56,lcd,4.7,3.0,2.57,254.42,720.0,1612.0,5000.0,8.0,89.99,75.99,-0.6696568929010936,1
2024.0,512.0,cubot,6.58,lcd,2.4,24.0,2.57,254.42,1080.0,2408.0,10600.0,14.318181818181817,199.99,319.99,0.4038363556103004,1
2024.0,256.0,nothing,6.7,amoled,2.8,12.0,0.85,190.0,1084.0,2412.0,5000.0,316.3636363636363,379.0,379.0,0.6634545383752896,1
2023.0,64.0,blackview,6.1,lcd,15.4,4.0,1.5,270.0,720.0,1560.0,6580.0,19.047619047619047,199.99,125.99,-0.44967876820613584,1
2024.0,256.0,samsung,6.6,amoled,2.9,12.0,2.57,254.42,1080.0,2400.0,4700.0,28.260869565217394,699.99,699.99,2.0756701032919795,1
2024.0,256.0,oukitel,6.6,lcd,2.2,16.0,1.24,285.0,720.0,1600.0,6500.0,6.097560975609756,199.99,199.99,-0.12411114365759825,1
2024.0,128.0,xiaomi,6.88,lcd,35.0,4.0,2.57,254.42,1600.0,720.0,5000.0,11.363636363636363,105.94,86.68,-0.6226255698413116,1
2024.0,256.0,oukitel,6.52,amoled,14.2,15.0,2.57,254.42,1920.0,1080.0,10600.0,50.76923076923077,199.99,148.99,-0.34848883084645516,1
2024.0,256.0,oukitel,6.7,hd+,1.6,24.0,0.87,440.0,720.0,1604.0,5150.0,28.695652173913047,329.99,129.99,-0.4320805182305391,1
2024.0,128.0,umidigi,6.7,lcd,1.6,8.0,2.57,254.42,1920.0,1080.0,5000.0,1.1904761904761905,179.99,179.99,-0.21210239353558136,1
2024.0,256.0,xiaomi,6.56,lcd,2.0,16.0,2.57,254.42,1600.0,720.0,5000.0,165.9090909090909,169.99,149.99,-0.34408926835255604,1
2024.0,128.0,mcmgc,5.0,lcd,2.1,1.0,2.57,254.42,720.0,1280.0,3000.0,42.85714285714286,199.99,58.34,-0.7473091709184136,1
2024.0,256.0,oppo,6.7,amoled,2.4,8.0,0.77,25.0,1080.0,2400.0,5000.0,24.35897435897436,199.99,149.99,-0.34408926835255604,1
2024.0,256.0,xiaomi,6.67,amoled,3.1,8.0,2.57,254.42,1500.0,750.0,5110.0,58.83720930232558,299.9,249.9,0.09547102041290859,1
2024.0,256.0,xiaomi,6.67,amoled,2.2,8.0,2.57,254.42,2400.0,1080.0,5000.0,465.7142857142857,399.0,379.21,0.6643784464990082,1
2022.0,256.0,doogee,6.3,amoled,2.1,8.0,1.55,320.0,1080.0,2340.0,6000.0,52.05128205128205,199.99,368.99,0.619414917811359,1
2024.0,128.0,wrtogo,5.0,lcd,1.3,1.0,2.57,254.42,1280.0,720.0,3000.0,50.96774193548387,59.99,57.99,-0.7488490177912783,1
2024.0,256.0,xiaomi,6.67,amoled,2.4,8.0,0.8,188.5,1080.0,2400.0,5000.0,379.30232558139534,11.99,169.99,-0.2560980184745729,1
2024.0,64.0,oukitel,6.52,lcd,14.4,8.0,2.57,254.42,1080.0,1920.0,10600.0,1.1428571428571428,329.99,139.99,-0.38808489329154755,1
2024.0,128.0,doogee,6.56,lcd,32.3,20.0,2.57,254.42,1080.0,2400.0,4200.0,5.161290322580645,199.99,89.99,-0.6080630179865055,1
2024.0,512.0,doogee,6.78,lcd,2.6,36.0,1.63,383.0,1080.0,2160.0,8680.0,7.659574468085106,199.99,499.99,1.1957576045121485,-1
2024.0,512.0,jcb,2.8,lcd,1.3,4.0,2.57,254.42,1080.0,2400.0,5000.0,1.2195121951219514,119.99,119.99,-0.47607614316953073,1
2018.0,256.0,apple,6.1,xdr,2.5,8.0,2.57,254.42,1080.0,2400.0,2815.0,352.85714285714283,549.0,379.5,0.6656543196222391,1
2024.0,64.0,dauz,6.56,lcd,34.5,4.0,2.57,254.42,1080.0,2400.0,5000.0,3.902439024390244,87.52,87.52,-0.6189299373464363,1
2024.0,128.0,tcl,3.2,lcd,0.0,1.0,2.57,254.42,1280.0,720.0,3000.0,16.25,49.99,46.99,-0.7972442052241691,1
2024.0,256.0,zte,6.56,lcd,19.5,6.0,2.57,254.42,1280.0,720.0,5000.0,1.2195121951219514,7.22,104.78,-0.5429934887017369,1
2024.0,256.0,doogee,6.72,amoled,2.6,32.0,2.57,254.42,2400.0,1080.0,5000.0,2.619047619047619,379.99,299.99,0.3158451057323173,1
2024.0,256.0,ulefone,6.52,amoled,2.8,8.0,0.87,184.0,720.0,1600.0,4400.0,21.951219512195124,89.99,179.99,-0.21210239353558136,1
2024.0,256.0,xiaomi,6.67,amoled,3.0,12.0,2.57,254.42,2400.0,1080.0,5000.0,465.7142857142857,649.0,499.99,1.1957576045121485,1
2024.0,256.0,xiaomi,6.88,lcd,2.0,8.0,2.57,254.42,720.0,1640.0,5160.0,1.0638297872340423,145.0,134.9,-0.4104786663854943,1
2024.0,256.0,oukitel,6.52,lcd,1.6,24.0,2.57,254.42,1520.0,720.0,5000.0,0.9523809523809524,199.99,149.99,-0.34408926835255604,1
2024.0,256.0,oppo,6.7,amoled,2.0,24.0,0.75,178.0,2400.0,1080.0,3600.0,22.32558139534884,199.99,283.83,0.24474817583090686,1
2024.0,256.0,xiaomi,6.67,amoled,2.6,12.0,2.57,254.42,3200.0,1440.0,5000.0,122.72727272727272,579.9,556.71,1.4453007891661087,1
2024.0,256.0,xiaomi,6.56,lcd,19.4,8.0,0.82,200.0,720.0,1640.0,18.0,26.22222222222222,120.0,105.89,-0.5381099743335088,1
2024.0,64.0,spc,2.8,lcd,1.0,1.0,2.57,254.42,1080.0,2400.0,1600.0,1.6666666666666663,69.9,59.99,-0.74004989280348,1
2024.0,256.0,samsung,6.67,amoled,2.5,8.0,0.82,210.0,1080.0,2340.0,5000.0,235.11627906976744,378.98,378.98,0.6633665471254117,1
2024.0,256.0,oppo,6.7,lcd,2.4,8.0,0.77,186.0,1080.0,2400.0,5100.0,18.857142857142858,549.0,1579.0,5.942929531054276,1
2024.0,256.0,cubot,6.52,lcd,2.3,12.0,2.57,254.42,1080.0,2400.0,10600.0,57.43589743589744,199.99,189.99,-0.1681067685965898,1
2024.0,128.0,oukitel,6.52,lcd,12.3,16.0,1.91,393.0,720.0,1600.0,10500.0,86.59090909090908,189.99,156.99,-0.31329233089526193,1
2024.0,128.0,oukitel,6.8,lcd,1.6,18.0,0.94,209.0,720.0,1600.0,5150.0,317.7272727272727,239.99,129.99,-0.4320805182305391,1
2024.0,256.0,samsung,6.5,superamoled,3.1,8.0,2.57,254.42,2400.0,1080.0,4500.0,25.58139534883721,369.0,249.0,0.09151141416839932,1
2024.0,256.0,oneplus,6.74,oled,3.0,16.0,0.8,199.5,1080.0,2400.0,5500.0,53.86363636363636,199.99,384.58,0.6880040970912468,1
2024.0,512.0,realme,6.67,lcd,2.6,12.0,2.57,254.42,1080.0,2400.0,5000.0,0.6,270.33,259.0,0.13550703910739087,1
2024.0,128.0,motorola,6.5,lcd,16.3,8.0,0.8,175.0,1080.0,2400.0,5000.0,125.23809523809524,5.29,119.9,-0.47647210379398164,1
2024.0,128.0,hammer h,2.4,lcd,4.2,4.0,2.57,254.42,1080.0,2400.0,1200.0,23.88888888888889,89.0,79.93,-0.6523226166751309,1
2024.0,256.0,xiaomi,6.71,led,2.8,4.0,0.88,192.0,1920.0,1080.0,5000.0,219.3181818181818,499.99,179.0,-0.21645796040454157,1
2024.0,128.0,spc,6.5,lcd,25.1,4.0,0.92,202.0,720.0,1600.0,4500.0,3.125,114.9,96.05,-0.5814016692734766,1
2023.0,128.0,oukitel,6.56,lcd,1.6,12.0,0.92,199.0,720.0,1600.0,5150.0,442.1951219512196,119.99,109.99,-0.5200717681085223,1
2023.0,512.0,xiaomi,6.67,amoled,2.9,8.0,2.57,254.42,1920.0,1080.0,5000.0,2.0,199.9,199.9,-0.12450710428204918,1
2025.0,256.0,doogee,6.58,lcd,2.9,16.0,1.79,422.0,1080.0,2340.0,10800.0,6.59090909090909,329.99,189.99,-0.1681067685965898,1
2024.0,256.0,honor,6.67,amoled,2.4,16.0,0.8,185.0,1080.0,2400.0,5200.0,25.77777777777778,399.9,217.55,-0.04685482626472907,1
2024.0,128.0,umidigi,6.75,lcd,1.6,4.0,0.79,189.0,1600.0,720.0,5000.0,96.66666666666666,146.99,124.99,-0.45407833070003495,1
2024.0,128.0,doogee,5.5,amoled,2.0,6.0,1.62,262.0,720.0,1440.0,6300.0,8.68421052631579,199.99,129.99,-0.4320805182305391,1
2024.0,256.0,samsung,6.67,amoled,2.7,8.0,0.1,200.0,1080.0,2400.0,3900.0,67.3913043478261,199.99,620.03,1.723881086279803,1
2024.0,64.0,fossibot,6.75,lcd,0.0,12.0,2.57,254.42,1080.0,2340.0,10300.0,11.463414634146345,159.99,139.99,-0.38808489329154755,1
2025.0,256.0,doogee,6.72,lcd,3.4,8.0,1.6,364.0,1080.0,2400.0,10100.0,2.3404255319148937,379.99,299.99,0.3158451057323173,1
2024.0,128.0,realme,6.72,lcd,2.4,6.0,0.76,500.0,1080.0,2400.0,5000.0,121.59090909090908,549.0,121.08,-0.47128062005118065,1
2024.0,256.0,xiaomi,6.67,oled,120.0,8.0,2.57,254.42,1080.0,2400.0,5000.0,3.4375,349.0,214.15,-0.061813338743986215,1
2024.0,256.0,xiaomi,6.67,amoled,2.4,8.0,0.78,179.0,2712.0,1220.0,5000.0,51.463414634146346,443.3,309.0,0.3554851638023487,1
2024.0,256.0,oppo,6.7,amoled,3.1,8.0,2.57,254.42,720.0,1560.0,5000.0,66.44444444444444,249.0,219.0,-0.04047546064857534,1
2022.0,128.0,blackview,6.5,amoled,2.0,4.0,0.9,184.0,720.0,1600.0,5180.0,16.82926829268293,499.99,119.99,-0.47607614316953073,1
2024.0,128.0,umidigi,6.75,lcd,15.5,6.0,0.79,390.0,720.0,1600.0,5000.0,94.25,149.99,127.49,-0.4430794244652871,1
2024.0,128.0,jtqtj,5.0,lcd,2.1,1.0,2.57,254.42,1280.0,720.0,3000.0,6.111111111111111,199.99,57.99,-0.7488490177912783,1
2024.0,128.0,lazmin112,3.0,lcd,22.1,2.0,2.57,254.42,480.0,320.0,5000.0,0.4444444444444444,199.99,99.11,-0.5679390080421451,1
2024.0,128.0,qubo,2.4,lcd,1.2,32.0,2.57,254.42,240.0,320.0,3000.0,135.609756097561,499.99,50.0,-0.7840015221175326,-1
2024.0,256.0,blackview,6.75,lcd,3.0,8.0,1.5,300.0,720.0,1600.0,6000.0,10.444444444444445,159.99,199.99,-0.12411114365759825,1
2024.0,128.0,wrtogo,5.0,lcd,1.3,1.0,2.57,254.42,720.0,1280.0,3000.0,50.96774193548387,59.99,57.99,-0.7488490177912783,1
2018.0,128.0,mtgud,5.0,lcd,1.3,1.0,2.57,254.42,480.0,854.0,3000.0,17.575757575757578,549.0,59.34,-0.7429096084245145,-1
2024.0,64.0,samsung,6.6,lcd,13.8,4.0,0.84,192.0,1080.0,2400.0,5000.0,1169.5454545454545,11.0,152.0,-0.33524614773981876,1
2024.0,256.0,samsung,6.3,lcd,3.1,12.0,2.57,254.42,1080.0,2400.0,5000.0,167.5,499.99,1049.04,3.6113373917874796,1
2024.0,128.0,sorandy,5.5,lcd,13.6,1.0,2.57,254.42,1080.0,2400.0,2200.0,6.8181818181818175,152.69,152.69,-0.33221044961902835,1
2024.0,256.0,honor,6.57,amoled,2.4,6.0,7.78,175.0,1080.0,2400.0,4300.0,38.40909090909091,599.0,599.0,1.6313582870331038,1
2024.0,128.0,oscal,6.52,lcd,1.6,4.0,0.93,192.0,1280.0,720.0,4700.0,47.27272727272727,239.99,89.99,-0.6080630179865055,1
2025.0,256.0,blackview,6.56,lcd,16.4,12.0,2.57,254.42,1080.0,2400.0,5000.0,25.23809523809524,329.99,129.99,-0.4320805182305391,1
2023.0,128.0,motorola,6.5,lcd,2.0,4.0,0.8,177.2,1080.0,2400.0,5000.0,262.093023255814,136.4,136.4,-0.40387932264464554,1
2024.0,128.0,honor,6.56,lcd,16.3,4.0,2.57,254.42,1080.0,2340.0,3600.0,3.142857142857143,199.99,119.0,-0.4804317100384909,1
2022.0,128.0,zokoe,2.5,lcd,1.2,8.0,1.11,54.0,240.0,400.0,3000.0,74.375,59.99,49.99,-0.7840455177424716,-1
2024.0,256.0,cubot,6.52,lcd,1.8,12.0,2.57,254.42,1600.0,720.0,10600.0,57.43589743589744,199.99,189.99,-0.1681067685965898,1
2023.0,256.0,ulefone,6.78,lcd,2.2,24.0,2.57,254.42,1920.0,1080.0,22000.0,49.30232558139535,369.99,295.99,0.29824685575672066,-1
2024.0,256.0,oppo,6.7,amoled,2.4,8.0,0.77,370.0,1080.0,2400.0,5000.0,24.35897435897436,269.0,199.0,-0.12846671052655845,1
2024.0,128.0,jectse,1.8,lcd,0.6,16.0,2.57,254.42,1080.0,2400.0,2400.0,0.5405405405405405,35.06,35.06,-0.849730985776386,1
2022.0,128.0,samsung,6.5,amoled,2.4,6.0,0.81,189.0,1080.0,2400.0,5000.0,19.21052631578948,154.0,154.0,-0.3264470227520204,1
2025.0,256.0,oukitel,6.56,ips,2.0,24.0,1.53,670.0,720.0,1600.0,11000.0,16.444444444444443,259.99,249.99,0.09586698103735954,-1
2024.0,256.0,doogee,6.56,lcd,2.8,8.0,2.57,254.42,1280.0,720.0,10800.0,12.5,199.99,179.99,-0.21210239353558136,1
2024.0,128.0,xiaomi,6.43,amoled,16.4,6.0,6.0,40.0,1080.0,2400.0,5000.0,62.04545454545454,136.0,129.0,-0.4364360850994993,1
2024.0,64.0,ulefone,6.1,lcd,2.0,3.0,0.85,153.0,1080.0,2400.0,3300.0,26.756756756756754,199.99,99.99,-0.564067393047514,1
2024.0,256.0,cubot,6.5,lcd,16.3,12.0,2.57,254.42,1440.0,720.0,5200.0,1.2195121951219514,199.99,119.95,-0.47625212566928665,1
2024.0,256.0,meizu,6.78,lcd,2.2,8.0,0.83,500.0,1920.0,1080.0,5000.0,0.851063829787234,146.99,145.9,-0.36208347895260357,1
2024.0,512.0,samsung,6.7,lcd,2.8,12.0,2.57,254.42,1080.0,2400.0,4900.0,0.6,149.99,1279.0,4.623060782884529,1
2021.0,256.0,samsung,6.8,lcd,3.0,8.0,0.89,228.0,1080.0,2400.0,3600.0,86.58536585365854,749.99,689.68,2.030310613979879,1
2024.0,256.0,samsung,6.2,amoled,3.0,8.0,2.57,254.42,1080.0,2400.0,5000.0,59.52380952380952,969.0,799.0,2.511270785812935,1
2025.0,128.0,doogee,6.56,lcd,1.6,4.0,1.1,240.0,1080.0,2280.0,5150.0,20.227272727272727,159.99,119.99,-0.47607614316953073,1
2024.0,256.0,cxpmy,6.67,lcd,2.5,8.0,2.57,254.42,1080.0,2400.0,15080.0,1561.904761904762,339.0,339.0,0.4874720386193233,1
2024.0,256.0,xiaomi,6.67,amoled,2.0,8.0,2.57,254.42,1080.0,2400.0,1.0,446.81818181818176,499.99,210.0,-0.08007152309366773,1
2025.0,64.0,blackview,6.56,lcd,4.3,6.0,2.57,254.42,1080.0,2400.0,4700.0,10.444444444444445,99.99,79.99,-0.652058642925497,1
2025.0,512.0,doogee,6.72,lcd,3.1,24.0,1.57,368.0,1080.0,2408.0,10200.0,6.326530612244897,309.99,259.99,0.13986260597635108,1
2024.0,64.0,motorola,6.5,lcd,21.8,2.0,28.0,179.0,1600.0,720.0,5000.0,102.25,119.0,99.99,-0.564067393047514,-1
2022.0,256.0,motorola,6.67,amoled,2.0,8.0,0.8,180.0,1080.0,2400.0,5000.0,48.63636363636363,1299.0,177.99,-0.22090151852337966,1
2024.0,64.0,ulefone,5.45,led,2.0,4.0,1.46,256.0,720.0,1440.0,5000.0,44.14634146341464,159.99,159.99,-0.3000936434135645,1
2024.0,512.0,xiaomi,6.67,amoled,3.4,12.0,2.57,254.42,1080.0,2400.0,5100.0,59.06976744186047,442.51,299.98,0.3158011101073784,1
2024.0,256.0,doogee,6.58,lcd,2.9,6.0,2.57,254.42,2400.0,1080.0,10800.0,73.41463414634147,199.99,189.99,-0.1681067685965898,1
2024.0,128.0,samsung,6.7,amoled,2.8,4.0,0.79,200.0,2400.0,1080.0,5000.0,12.76595744680851,176.99,170.0,-0.25605402284963397,1
2024.0,64.0,xiaomi,5.0,lcd,2.2,3.0,2.57,254.42,1920.0,1080.0,3600.0,62.61904761904761,76.93,74.7,-0.6753323285182234,1
2025.0,1024.0,ulefone,6.56,lcd,21.8,8.0,0.92,300.0,1080.0,2400.0,5000.0,1.4,99.99,99.99,-0.564067393047514,1
2024.0,64.0,umidigi,6.75,lcd,1.6,4.0,0.79,189.0,720.0,1600.0,5000.0,16.315789473684212,99.99,84.99,-0.6300608304560013,1
2024.0,64.0,dauz,6.6,lcd,34.5,4.0,2.57,254.42,1080.0,2400.0,5000.0,3.902439024390244,87.49,87.49,-0.6190619242212534,1
2023.0,128.0,zokoe,4.0,lcd,2.0,4.0,1.3,128.0,1080.0,2400.0,2600.0,5.714285714285714,499.99,119.99,-0.47607614316953073,1
2024.0,128.0,oppo,6.7,lcd,2.1,6.0,0.77,186.0,1600.0,720.0,5100.0,66.44444444444444,199.99,139.0,-0.39244046016050776,1
2025.0,64.0,oscal,6.56,lcd,4.3,4.0,2.57,254.42,1080.0,2400.0,5000.0,1.794871794871795,79.99,79.99,-0.652058642925497,1
2024.0,256.0,zte,6.56,lcd,17.5,6.0,5.5,550.0,1280.0,720.0,5000.0,0.6,1299.0,111.86,-0.5118445862449309,-1
2023.0,256.0,vivo,6.78,amoled,3.1,8.0,0.74,30.0,1080.0,2400.0,4600.0,1.627906976744186,499.99,269.0,0.17950266404638243,1
2024.0,256.0,realme,6.7,amoled,2.6,8.0,4.0,200.0,2400.0,1800.0,5000.0,43.80952380952381,499.99,220.79,-0.032600243784495886,1
2024.0,64.0,hammer h,6.56,lcd,2.8,4.0,2.57,254.42,1080.0,2400.0,6500.0,0.9090909090909092,199.99,179.9,-0.2124983541600323,1
2025.0,512.0,doogee,6.6,lcd,3.4,8.0,1.79,422.0,1080.0,2400.0,10800.0,13.409090909090908,499.99,299.99,0.3158451057323173,1
2022.0,64.0,ttfone,4.0,lcd,1.5,1.0,1.0,195.0,480.0,800.0,1400.0,22.33333333333333,499.99,64.99,-0.7180520803339844,1
2024.0,256.0,realme,6.78,amoled,2.9,8.0,0.87,500.0,2772.0,1284.0,5000.0,0.8,329.99,399.0,0.7514457882532727,1
2022.0,256.0,ulefone,6.58,amoled,2.2,8.0,1.81,409.0,1080.0,2408.0,9600.0,25.68181818181818,199.99,329.99,0.44783198054929196,1
2024.0,128.0,honor,6.7,amoled,3.1,6.0,28.0,179.0,1080.0,2400.0,4500.0,37.11111111111112,268.99,268.99,0.17945866842144348,1
2014.0,64.0,akozon,5.5,lcd,1.4,4.0,2.57,254.42,1080.0,2400.0,3000.0,19.45945945945946,61.91,61.91,-0.7316027328151937,1
2024.0,128.0,honor,6.56,lcd,22.1,4.0,2.57,254.42,3840.0,2160.0,4500.0,4.186046511627907,199.99,99.9,-0.5644633536719648,1
2024.0,512.0,asus,6.78,lcd,4.3,16.0,0.89,228.0,2400.0,1080.0,5800.0,1.3043478260869563,1299.99,1299.99,4.715407599631472,-1
2024.0,256.0,samsung,6.7,lcd,2.6,12.0,2.57,254.42,1080.0,2400.0,5000.0,5.121951219512195,1459.0,1459.0,5.414982031786377,-1
2024.0,128.0,xiaomi,40.55,lcd,3.0,8.0,2.57,254.42,1080.0,2400.0,5000.0,1.1904761904761905,217.66,169.0,-0.26045358534353313,1
2025.0,128.0,blackview,6.56,lcd,16.4,4.0,2.57,254.42,1080.0,2400.0,5000.0,25.23809523809524,129.99,129.99,-0.4320805182305391,1
2023.0,128.0,cubot,6.58,ips,2.0,8.0,1.0,217.0,2408.0,1080.0,5200.0,53.888888888888886,179.95,149.99,-0.34408926835255604,1
2024.0,128.0,samsung,6.7,amoled,3.0,4.0,0.79,200.0,1080.0,1920.0,4200.0,23.33333333333333,178.49,168.99,-0.2604975809684721,1
2024.0,256.0,doogee,6.72,lcd,3.4,32.0,2.57,254.42,2400.0,1080.0,10100.0,40.46511627906977,379.99,299.99,0.3158451057323173,1
2024.0,256.0,honor,6.78,amoled,3.1,1.0,2.57,254.42,1080.0,2400.0,5000.0,6.944444444444445,499.99,217.0,-0.04927458563637365,1
2024.0,256.0,samsung,6.6,superamoled,3.1,8.0,2.57,254.42,2220.0,1080.0,5000.0,107.44186046511628,199.99,269.47,0.18157045841851516,1
2024.0,128.0,samsung,6.5,superamoled,2.9,6.0,0.81,310.0,1920.0,1080.0,5000.0,1091.190476190476,499.99,189.99,-0.1681067685965898,1
2024.0,512.0,xiaomi,6.67,amoled,2.3,12.0,2.57,254.42,1080.0,2400.0,5000.0,1561.904761904762,318.0,307.68,0.3496777413104018,1
2024.0,256.0,doogee,6.52,lcd,1.6,12.0,0.91,193.0,720.0,1600.0,19.0,78.46153846153847,239.99,89.99,-0.6080630179865055,1
2024.0,128.0,qrzrq,5.0,lcd,1.3,1.0,2.57,254.42,1280.0,720.0,3000.0,25.0,59.99,57.99,-0.7488490177912783,1
2023.0,128.0,samsung,6.5,amoled,2.0,4.0,1.0,163.0,1080.0,2400.0,5000.0,293.18181818181813,499.99,175.73,-0.23084452975959185,1
2023.0,128.0,xiaomi,6.79,lcd,16.3,4.0,2.57,254.42,1080.0,2400.0,5000.0,20.0,132.95,119.0,-0.4804317100384909,1
2024.0,512.0,poco,6.67,amoled,3.0,12.0,2.57,254.42,1080.0,2400.0,5000.0,125.81395348837208,342.0,296.73,0.3015025320022061,1
2024.0,512.0,xiaomi,6.67,amoled,2.2,12.0,2.57,254.42,2400.0,1080.0,5000.0,106.9047619047619,199.99,197.1,-0.13682587926496687,1
2024.0,256.0,doogee,6.58,lcd,2.8,8.0,1.79,630.0,1920.0,1080.0,10800.0,11.555555555555555,249.99,179.99,-0.21210239353558136,1
2024.0,128.0,heepdd,5.0,lcd,4.2,4.0,2.57,254.42,1080.0,2400.0,5000.0,1.794871794871795,79.55,79.55,-0.6539944504228127,1
2024.0,128.0,blackview,6.56,lcd,2.4,12.0,2.57,254.42,2340.0,1080.0,5180.0,0.8,199.99,159.99,-0.3000936434135645,1
2024.0,128.0,motorola,6.56,lcd,2.3,8.0,0.8,500.0,1600.0,2560.0,5000.0,7.619047619047619,159.99,93.0,-0.594820334879869,1
2024.0,256.0,realme,6.78,amoled,2.6,12.0,2.57,254.42,1080.0,2400.0,5500.0,108.63636363636364,599.99,599.99,1.6357138539020641,1
2024.0,256.0,google,6.3,amoled,3.0,12.0,0.85,190.0,1080.0,2400.0,4700.0,76.22222222222223,999.0,749.0,2.291292661117977,1
2024.0,256.0,ulefone,6.56,amoled,2.4,16.0,1.37,305.5,1080.0,2400.0,6050.0,1561.904761904762,329.99,319.99,0.4038363556103004,1
2024.0,256.0,xiaomi,6.55,amoled,2.5,1.0,2.57,254.42,1920.0,1080.0,1.0,9.756097560975611,451.74,389.99,0.7118057301832413,1
2024.0,128.0,suaat,10.0,amoled,3.4,20.0,0.8,480.0,1280.0,800.0,5000.0,0.8823529411764706,299.99,299.99,0.3158451057323173,1
2024.0,64.0,doogee,5.5,lcd,17.9,8.0,1.62,390.0,720.0,1440.0,42.0,5.0,149.99,109.98,-0.5201157637334612,1
2024.0,128.0,samsung,6.6,lcd,4.3,4.0,0.84,192.0,1080.0,2400.0,5000.0,1169.5454545454545,99.99,79.99,-0.652058642925497,1
2024.0,128.0,fossibot,5.45,lcd,2.0,15.0,2.03,610.0,720.0,1440.0,10600.0,61.53846153846154,199.99,159.99,-0.3000936434135645,1
2024.0,256.0,oppo,6.7,amoled,2.4,8.0,0.77,530.0,1080.0,2400.0,5000.0,17.619047619047617,549.0,195.0,-0.14606496050215506,1
2024.0,512.0,xiaomi,6.67,amoled,2.8,12.0,2.57,254.42,1440.0,2560.0,5000.0,136.8181818181818,499.99,547.8,1.406100687345467,1
2024.0,256.0,blackview,6.75,amoled,2.0,8.0,0.91,214.0,1280.0,720.0,6000.0,6.046511627906977,199.99,179.99,-0.21210239353558136,1
2023.0,128.0,xiaomi,6.7,lcd,26.5,4.0,2.57,254.42,720.0,1650.0,5000.0,0.8571428571428571,99.0,93.0,-0.594820334879869,1
2024.0,256.0,oppo,6.7,oled,2.4,8.0,0.75,434.0,1080.0,2400.0,5.0,5.348837209302326,199.99,245.99,0.07826873106176291,1
2024.0,128.0,joyzap,3.0,lcd,1.3,2.0,1.26,137.0,360.0,640.0,900.0,2.8125,199.99,49.99,-0.7840455177424716,1
2024.0,256.0,honor,6.7,amoled,2.5,12.0,28.0,183.0,1080.0,2400.0,5000.0,74.87804878048782,199.99,374.78,0.6448883846510349,1
2024.0,128.0,motorola,6.56,lcd,33.2,8.0,0.8,181.0,720.0,1600.0,5000.0,31.395348837209305,129.0,89.0,-0.6124185848554655,1
2024.0,256.0,doogee,6.6,lcd,2.8,8.0,1.58,326.0,1080.0,2400.0,10300.0,16.363636363636363,219.99,169.99,-0.2560980184745729,1
2024.0,128.0,tonysa,3.0,lcd,33.6,2.0,2.57,254.42,1080.0,2400.0,5000.0,3.902439024390244,199.99,87.69,-0.6181820117224734,1
2024.0,128.0,xiaomi,6.43,amoled,2.0,6.0,0.81,179.0,3840.0,2160.0,5000.0,3821.590909090909,128.69,128.69,-0.4377999494726081,-1
2024.0,512.0,xiaomi,6.67,amoled,3.0,12.0,2.57,254.42,1560.0,1440.0,5000.0,177.27272727272725,499.99,304.99,0.33784291820181306,1
2024.0,128.0,shieldon,6.1,lcd,0.5,32.0,1.7,80.0,1080.0,2400.0,800.0,6.511627906976744,37.99,37.99,-0.8368402676692615,1
2024.0,256.0,doogee,6.58,lcd,1.6,16.0,1.79,420.0,1080.0,2400.0,10800.0,4.0,146.99,189.99,-0.1681067685965898,1
2023.0,256.0,oukitel,6.52,lcd,2.8,16.0,2.57,254.42,720.0,1600.0,10600.0,213.6842105263158,199.99,169.99,-0.2560980184745729,1
2024.0,128.0,doogee,6.56,lcd,17.9,8.0,0.86,200.0,720.0,1612.0,5150.0,7.209302325581396,569.99,109.99,-0.5200717681085223,1
2024.0,512.0,samsung,6.7,amoled,3.0,12.0,2.57,254.42,1080.0,2400.0,4000.0,8.666666666666666,1329.0,1149.0,4.051117658677639,-1
2024.0,512.0,samsung,6.7,lcd,3.0,12.0,2.57,254.42,1080.0,2400.0,5000.0,5.121951219512195,1579.0,1579.0,5.942929531054276,-1
2024.0,256.0,xiaomi,6.67,amoled,3.2,8.0,2.57,254.42,1500.0,750.0,5110.0,58.83720930232558,299.9,279.99,0.2278538558543342,1
2024.0,256.0,samsung,6.78,amoled,2.9,8.0,2.57,254.42,2560.0,1440.0,3600.0,3.225806451612903,689.0,689.0,2.027318911484028,1
2024.0,128.0,zte,5.0,lcd,2.6,2.0,4.5,138.0,720.0,1280.0,2000.0,3.902439024390244,239.99,69.99,-0.6960542678644885,1
2024.0,512.0,samsung,6.7,lcd,3.0,12.0,2.57,254.42,2340.0,1080.0,5000.0,167.5,1579.0,1579.0,5.942929531054276,-1
2023.0,64.0,ulefone,5.45,lcd,2.0,8.0,2.57,254.42,1080.0,2400.0,4860.0,22.857142857142858,499.99,113.99,-0.5024735181329257,1
2025.0,36.0,doogee,6.59,lcd,3.4,12.0,1.79,422.0,1080.0,2400.0,10800.0,13.409090909090908,499.99,299.99,0.3158451057323173,1
2024.0,128.0,zokoe,3.0,lcd,1.2,16.0,1.05,68.0,1080.0,2400.0,900.0,74.375,59.99,55.99,-0.7576481427790767,1
2021.0,64.0,blackview,6.1,amoled,2.3,4.0,1.5,273.0,1080.0,2400.0,6580.0,30.000000000000004,199.99,159.99,-0.3000936434135645,1
2024.0,128.0,realme,6.67,lcd,18.0,6.0,0.76,350.0,1600.0,720.0,5000.0,1.1111111111111112,119.99,109.0,-0.5244273349774824,1
2020.0,256.0,realme,6.72,lcd,2.6,8.0,2.57,254.42,1080.0,2400.0,5000.0,5.909090909090908,175.0,159.0,-0.3044492102825247,1
2024.0,128.0,zte,6.56,lcd,33.2,4.0,5.0,482.0,1080.0,2400.0,5000.0,4.634146341463415,199.99,89.0,-0.6124185848554655,1
2024.0,256.0,cubot,6.52,lcd,2.4,12.0,2.57,254.42,1080.0,2400.0,10600.0,57.69230769230769,146.99,159.99,-0.3000936434135645,1
2024.0,128.0,xiaomi,6.67,amoled,2.2,8.0,2.5,193.0,1080.0,2400.0,5000.0,1335.0,269.0,269.0,0.17950266404638243,1
2024.0,128.0,xiaomi,6.56,lcd,2.0,4.0,2.57,254.42,1920.0,1080.0,5000.0,320.0,499.99,126.0,-0.4496347725811968,1
2024.0,512.0,xiaomi,6.67,amoled,2.2,12.0,2.57,254.42,1080.0,2400.0,5000.0,465.7142857142857,399.0,358.92,0.5751113234977946,1
2024.0,128.0,msmga,5.0,lcd,1.3,1.0,2.57,254.42,1080.0,2400.0,3000.0,29.444444444444443,399.0,57.99,-0.7488490177912783,1
2024.0,64.0,icreation,1.77,lcd,0.0,32.0,1.39,73.0,160.0,128.0,800.0,18.857142857142858,549.0,19.9,-0.9164283531838971,-1
2025.0,64.0,oukitel,6.52,lcd,14.4,8.0,2.57,254.42,1080.0,2400.0,10600.0,1.1428571428571428,329.99,139.99,-0.38808489329154755,1
2022.0,256.0,xiaomi,6.0,amoled,2.4,8.0,1.02,170.1,1080.0,2520.0,5000.0,20.0,199.99,309.99,0.35984073067130884,1
2024.0,128.0,samsung,6.5,superamoled,2.5,6.0,0.81,190.0,1080.0,2400.0,5000.0,1091.190476190476,449.0,329.99,0.44783198054929196,1
2024.0,256.0,xiaomi,6.67,amoled,2.4,8.0,6.0,540.0,1080.0,2400.0,5000.0,770.4444444444445,199.99,149.99,-0.34408926835255604,1
2024.0,512.0,doogee,6.58,lcd,2.2,32.0,0.18,790.0,1080.0,2400.0,22000.0,4.489795918367347,589.99,469.98,1.0637267340702348,-1
2024.0,128.0,oppo,6.56,lcd,2.0,4.0,0.82,250.0,1080.0,2400.0,3600.0,66.44444444444444,199.99,95.62,-0.5832934811458531,1
2024.0,128.0,tcl,6.0,lcd,2.0,2.0,28.0,182.0,1080.0,2400.0,3000.0,19.512195121951223,149.99,127.49,-0.4430794244652871,1
2024.0,128.0,ulefone,6.56,lcd,4.3,6.0,0.87,250.0,1280.0,720.0,5000.0,22.75,89.99,79.99,-0.652058642925497,1
2024.0,128.0,energizer,2.8,lcd,1.3,4.0,1.9,128.0,1080.0,2400.0,3000.0,37.05882352941177,57.78,57.78,-0.7497729259149972,1
2024.0,512.0,oneplus,6.82,amoled,3.2,16.0,6.1,500.0,2560.0,1440.0,5000.0,75.77777777777777,1099.0,899.0,2.9512270352028507,-1
2024.0,256.0,doogee,5.5,lcd,1.6,8.0,1.62,262.0,1080.0,1920.0,6300.0,8.444444444444445,159.99,119.99,-0.47607614316953073,1
2024.0,128.0,xiaomi,6.55,amoled,2.5,8.0,0.68,159.0,1080.0,2400.0,4250.0,12.195121951219512,499.99,380.0,0.6678541008691887,1
2024.0,128.0,pthtechus,1.8,lcd,0.9,1.0,1.0,140.0,1080.0,2400.0,400.0,40.256410256410255,42.0,33.15,-0.8581341501397334,1
2024.0,64.0,doact,6.6,lcd,34.5,4.0,2.57,254.42,1080.0,2400.0,5000.0,3.902439024390244,85.28,85.28,-0.6287849573327704,1
2024.0,256.0,samsung,6.67,lcd,2.9,8.0,2.57,254.42,1080.0,2400.0,5000.0,1.1904761904761905,1.0,199.0,-0.12846671052655845,1
2024.0,256.0,motorola,6.5,amoled,3.0,12.0,0.8,160.0,1080.0,2400.0,5000.0,602.8888888888889,299.0,224.78,-0.015045989433838215,1
2024.0,256.0,ulefone,6.78,lcd,2.0,12.0,0.88,211.6,1080.0,2400.0,19.0,17.692307692307693,249.99,179.99,-0.21210239353558136,1
2024.0,128.0,google,6.7,oled,3.2,12.0,0.88,211.0,1440.0,2560.0,5025.0,582.0930232558139,655.16,655.16,1.8784377166904802,1
2024.0,128.0,doogee,6.56,lcd,32.3,9.0,2.57,254.42,720.0,1612.0,5150.0,16.511627906976745,199.99,89.99,-0.6080630179865055,1
2024.0,128.0,xiaomi,6.88,lcd,120.0,4.0,2.57,254.42,2340.0,1080.0,5160.0,16.136363636363637,139.0,106.99,-0.5332704555902198,-1
2018.0,256.0,apple,6.1,xdr,2.5,8.0,2.57,254.42,1080.0,2400.0,2815.0,91.76470588235294,499.99,378.0,0.6590549758813904,1
2025.0,512.0,xiaomi,6.67,amoled,2.5,12.0,2.57,254.42,1500.0,737.0,5110.0,1.5217391304347827,366.99,356.7,0.5653442947613383,1
2024.0,512.0,zunate,5.45,lcd,1.4,4.0,1.0,339.0,1080.0,2400.0,3000.0,6.4,61.99,61.99,-0.7312507678156817,1
2024.0,256.0,oppo,6.67,lcd,2.9,8.0,2.57,254.42,2340.0,1080.0,5100.0,3.809523809523809,329.99,199.0,-0.12846671052655845,1
2024.0,128.0,motorola,6.5,lcd,2.4,8.0,0.8,175.0,1080.0,2400.0,5000.0,125.23809523809524,499.99,99.46,-0.5663991611692804,1
2024.0,128.0,oscal,6.52,lcd,1.6,4.0,0.93,192.0,1280.0,720.0,4700.0,47.27272727272727,89.99,89.99,-0.6080630179865055,1
2024.0,128.0,motorola,6.56,amoled,2.5,4.0,0.8,181.0,1080.0,2400.0,5000.0,31.395348837209305,499.99,380.0,0.6678541008691887,1
2024.0,64.0,bewinner,3.0,lcd,1.5,16.0,2.57,254.42,1080.0,2400.0,3000.0,19.45945945945946,64.82,64.82,-0.7188000059579471,1
2024.0,256.0,realme,6.67,amoled,2.6,12.0,2.57,254.42,2532.0,1170.0,6000.0,18.22222222222222,199.99,597.25,1.6236590526687804,1
2024.0,64.0,fossibot,6.74,lcd,1.0,12.0,2.57,254.42,720.0,1600.0,10300.0,39.523809523809526,139.99,109.99,-0.5200717681085223,1
2024.0,128.0,google,6.2,oled,2.5,12.0,0.89,187.0,1080.0,2400.0,4575.0,634.0,799.0,449.0,0.9714239129482304,1
2023.0,128.0,jtqtj,5.0,lcd,2.1,1.0,2.57,254.42,720.0,1280.0,3000.0,17.575757575757578,199.99,56.99,-0.7532485802851775,1
2025.0,256.0,oukitel,6.56,lcd,2.8,24.0,2.57,254.42,720.0,1600.0,5150.0,12.040816326530612,169.99,169.99,-0.2560980184745729,1
2024.0,128.0,realme,6.56,lcd,15.7,8.0,2.57,254.42,1080.0,2400.0,5000.0,36.75,499.99,134.81,-0.4108746270099452,1
2023.0,128.0,mcmgc,5.0,lcd,1.2,1.0,2.57,254.42,1080.0,2400.0,3000.0,85.0,399.0,56.99,-0.7532485802851775,1
2024.0,128.0,samsung,6.2,superamoled,2.8,8.0,0.79,247.0,1080.0,2400.0,4000.0,35.0,369.99,369.99,0.6238144803052582,1
2024.0,64.0,hammer h,6.59,amoled,3.0,6.0,2.57,254.42,1080.0,2400.0,6320.0,2.4242424242424243,199.99,225.19,-0.013242168811339576,1
2024.0,64.0,cocomm,1.8,lcd,0.0,32.0,8.1,180.0,1080.0,2400.0,800.0,4.35897435897436,54.98,21.24,-0.9105329394420723,-1
2024.0,256.0,apple,5.4,oled,2.5,8.0,2.57,254.42,1080.0,2400.0,2227.0,258.75,549.0,335.0,0.4698737886437267,1
2024.0,256.0,oukitel,6.6,fhd+,2.0,24.0,2.57,254.42,1080.0,2400.0,5150.0,9.26829268292683,109.99,109.99,-0.5200717681085223,1
2024.0,128.0,umidigi,6.75,lcd,1.6,4.0,0.79,189.0,720.0,1600.0,5000.0,96.66666666666666,329.99,124.99,-0.45407833070003495,1
2024.0,256.0,vivo,6.67,amoled,2.2,8.0,0.79,190.0,2400.0,1080.0,5000.0,51.42857142857142,329.0,299.0,0.3114895388633571,1
2023.0,256.0,xiaomi,6.46,lcd,35.0,8.0,2.57,254.42,720.0,1440.0,5160.0,17.36842105263158,499.99,86.68,-0.6226255698413116,1
2024.0,256.0,oukitel,6.6,lcd,2.5,24.0,2.72,970.0,1920.0,1080.0,22000.0,24.444444444444443,199.99,399.99,0.7558013551222329,-1
2024.0,128.0,doogee,6.56,lcd,17.9,8.0,2.57,254.42,1600.0,720.0,5150.0,24.25,149.99,109.99,-0.5200717681085223,1
2025.0,256.0,xiaomi,6.67,amoled,2.8,8.0,2.57,254.42,1080.0,2400.0,5500.0,5.217391304347826,177.5,177.5,-0.2230573041453903,1
2024.0,128.0,oukitel,6.52,lcd,1.6,16.0,1.74,370.0,1080.0,2400.0,10600.0,72.14285714285714,199.99,159.99,-0.3000936434135645,1
2024.0,256.0,spc,1.77,lcd,1.0,32.0,2.57,254.42,128.0,160.0,1150.0,0.6,34.9,34.9,-0.8504349157754099,-1
2024.0,64.0,ulefone,6.52,lcd,2.2,6.0,1.35,300.0,1080.0,2400.0,4000.0,7.209302325581396,149.99,135.99,-0.4056831432671442,1
2023.0,256.0,oukitel,6.52,lcd,1.5,8.0,2.57,254.42,1080.0,2400.0,5000.0,108.8372093023256,239.99,139.99,-0.38808489329154755,1
2024.0,128.0,cubot,6.58,1920 x 1080 pixels,2.0,16.0,0.97,490.0,1080.0,2400.0,5000.0,86.25,139.99,129.99,-0.4320805182305391,1
2024.0,128.0,xiaomi,6.79,lcd,2.0,6.0,3.7,370.0,1920.0,1080.0,33.0,8.095238095238095,125.78,121.0,-0.47163258505069255,1
2023.0,128.0,doogee,6.0,lcd,2.4,6.0,1.0,266.0,1080.0,2400.0,5180.0,83.07692307692308,199.99,159.99,-0.3000936434135645,1
2024.0,128.0,xiaomi,6.74,lcd,2.2,8.0,14.0,190.0,1600.0,720.0,5000.0,65.34883720930233,127.0,118.9,-0.4808716662878808,1
2024.0,64.0,pusokei,1.77,lcd,1.4,16.0,2.57,254.42,1080.0,2400.0,3000.0,19.45945945945946,499.99,63.54,-0.7244314459501381,1
2025.0,256.0,doogee,6.72,oled,3.4,32.0,1.05,242.0,1920.0,1080.0,5500.0,2.5,419.99,299.99,0.3158451057323173,1
2024.0,256.0,doogee,6.56,lcd,16.3,6.0,0.86,186.0,720.0,1612.0,5150.0,8.666666666666666,329.99,119.99,-0.47607614316953073,1
2023.0,128.0,motorola,6.5,lcd,16.4,4.0,0.8,177.2,1080.0,2400.0,5000.0,62.19512195121952,129.9,129.9,-0.4324764788549901,1
2024.0,128.0,ciciglow,5.0,lcd,2.1,1.0,2.57,254.42,854.0,480.0,2200.0,20.571428571428573,199.99,57.99,-0.7488490177912783,1
2024.0,128.0,suaat,10.0,lcd,32.3,20.0,2.57,254.42,1080.0,2400.0,5000.0,95.86956521739133,115.99,89.66,-0.6095148736094921,1
2024.0,128.0,umidigi,6.75,lcd,2.0,6.0,0.79,390.0,1080.0,2400.0,5000.0,94.25,149.99,127.49,-0.4430794244652871,1
2024.0,128.0,oukitel,6.8,lcd,1.6,18.0,0.94,209.0,720.0,1600.0,5150.0,317.7272727272727,239.99,129.99,-0.4320805182305391,1
2024.0,256.0,xiaomi,6.67,amoled,3.4,8.0,6.0,520.0,2712.0,1220.0,5000.0,2.5,297.0,297.0,0.3026904138755588,1
2024.0,256.0,oppo,6.67,amoled,2.0,12.0,0.75,178.0,1080.0,2412.0,5000.0,8.095238095238095,449.0,345.0,0.5138694135827182,1
2024.0,128.0,honor,6.56,lcd,22.1,4.0,2.57,254.42,1920.0,1080.0,5000.0,1.702127659574468,199.99,99.9,-0.5644633536719648,1
2024.0,128.0,xiaomi,6.43,amoled,2.0,6.0,0.81,179.0,1920.0,1080.0,5000.0,3821.8181818181815,165.39,127.0,-0.44523521008729766,-1
2024.0,256.0,oukitel,6.52,hd,1.6,24.0,2.57,254.42,1280.0,720.0,10600.0,149.77272727272725,199.99,149.99,-0.34408926835255604,1
